timestep,elapsed_s,x,y,heading_deg,speed_ms,speed_kmh,vx,vy,accel_ms2,steering,throttle_brake,total_dist_m,lane_changes,on_broken_line,crash_vehicle,crash_object,reward,cost,current_lane_id,maneuver,reason,block_ahead,dist_to_block_m,vlm_notes,w_efficiency,w_comfort,w_safety
34,8.8033,10.6705,0.0,0.0,3.5317,12.714,3.5317,0.0,35.3167,-0.0,0.83533,0.0,0,0,0,0,0.35056,0.0,"('>>', '>>>', 2)",,,,,,,,
35,9.2068,11.0284,0.0,0.0,3.7665,13.5593,3.7665,-0.0,2.34799,-0.0,0.82342,0.358,0,0,0,0,0.3748,0.0,"('>>', '>>>', 2)",,,,,,,,
36,9.3,11.4096,0.0,0.0,3.9979,14.3925,3.9979,-0.0,2.31452,-0.0,0.81168,0.739,0,0,0,0,0.39925,0.0,"('>>', '>>>', 2)",,,,,,,,
37,9.4706,11.814,0.0,0.0,4.2261,15.2138,4.2261,-0.0,2.28148,-0.0,0.8001,1.143,0,0,0,0,0.42336,0.0,"('>>', '>>>', 2)",,,,,,,,
38,9.5636,12.241,0.0,0.0,4.451,16.0235,4.451,-0.0,2.24895,-0.0,0.7887,1.571,0,0,0,0,0.44712,0.0,"('>>', '>>>', 2)",,,,,,,,
39,9.7499,12.6906,0.0,0.0,4.6727,16.8216,4.6727,-0.0,2.21691,-0.0,0.77745,2.02,0,0,0,0,0.47054,0.0,"('>>', '>>>', 2)",,,,,,,,
40,9.8584,13.1622,0.0,-0.0,4.8912,17.6083,4.8912,-0.0,2.18534,-0.0,0.76637,2.492,0,0,0,0,0.49363,0.0,"('>>', '>>>', 2)",,,,,,,,
41,10.029,13.6556,0.0,-0.0,5.1066,18.3838,5.1066,-0.0,2.15416,-0.0,0.75544,2.985,0,0,0,0,0.51639,0.0,"('>>', '>>>', 2)",,,,,,,,
42,10.1221,14.1705,0.0,-0.0,5.319,19.1482,5.319,-0.0,2.12345,-0.0,0.74467,3.5,0,0,0,0,0.53883,0.0,"('>>', '>>>', 2)",,,,,,,,
43,10.2928,14.7066,0.0,-0.0,5.5283,19.9017,5.5283,-0.0,2.09312,-0.0,0.73405,4.036,0,0,0,0,0.56095,0.0,"('>>', '>>>', 2)",,,,,,,,
44,10.3864,15.2635,0.0,-0.0,5.7346,20.6445,5.7346,-0.0,2.06327,-0.0,0.72359,4.593,0,0,0,0,0.58275,0.0,"('>>', '>>>', 2)",,,,,,,,
45,10.5566,15.841,0.0,-0.0,5.938,21.3767,5.938,-0.0,2.0339,-0.0,0.71327,5.171,0,0,0,0,0.60424,0.0,"('>>', '>>>', 2)",,,,,,,,
46,10.6653,16.4388,0.0,-0.0,6.1385,22.0985,6.1385,-0.0,2.00491,-0.0,0.7031,5.768,0,0,0,0,0.62542,0.0,"('>>', '>>>', 2)",,,,,,,,
47,10.8356,17.0566,0.0,-0.0,6.3361,22.81,6.3361,-0.0,1.9763,-0.0,0.69308,6.386,0,0,0,0,0.6463,0.0,"('>>', '>>>', 2)",,,,,,,,
48,10.9293,17.6941,0.0,-0.0,6.5309,23.5113,6.5309,-0.0,1.94817,0.0,0.68319,7.024,0,0,0,0,0.66688,0.0,"('>>', '>>>', 2)",,,,,,,,
49,11.0994,18.351,0.0,-0.0,6.723,24.2026,6.723,-0.0,1.92032,0.0,0.67345,7.681,0,0,0,0,0.68717,0.0,"('>>', '>>>', 2)",,,,,,,,
50,11.1926,19.0271,0.0,-0.0,6.9122,24.8841,6.9122,-0.0,1.89295,0.0,0.66385,8.357,0,0,0,0,0.70717,0.0,"('>>', '>>>', 2)",,,,,,,,
51,11.3652,19.722,0.0,-0.0,7.0988,25.5558,7.0988,-0.0,1.86596,0.0,0.65439,9.052,0,0,0,0,0.72689,0.0,"('>>', '>>>', 2)",,,,,,,,
52,11.472,20.4356,0.0,-0.0,7.2828,26.218,7.2828,-0.0,1.83935,0.0,0.64506,9.765,0,0,0,0,0.74632,0.0,"('>>', '>>>', 2)",,,,,,,,
53,11.6426,21.1675,-0.0,-0.0,7.4641,26.8707,7.4641,-0.0,1.81313,0.0,0.63586,10.497,0,0,0,0,0.76548,0.0,"('>>', '>>>', 2)",,,,,,,,
54,11.736,21.9175,-0.0,-0.0,7.6428,27.5141,7.6428,-0.0,1.78728,0.0,0.6268,11.247,0,0,0,0,0.78436,0.0,"('>>', '>>>', 2)",,,,,,,,
55,11.9069,22.6852,-0.0,-0.0,7.819,28.1484,7.819,-0.0,1.76182,0.0,0.61786,12.015,0,0,0,0,0.80298,0.0,"('>>', '>>>', 2)",,,,,,,,
56,11.9998,23.4706,-0.0,-0.0,7.9927,28.7736,7.9927,-0.0,1.73674,0.0,0.60905,12.8,0,0,0,0,0.82133,0.0,"('>>', '>>>', 2)",,,,,,,,
57,12.1704,24.2733,-0.0,-0.0,8.1639,29.39,8.1639,-0.0,1.71203,0.0,0.60037,13.603,0,0,0,0,0.83942,0.0,"('>>', '>>>', 2)",,,,,,,,
58,12.279,25.093,-0.0,-0.0,8.3326,29.9975,8.3326,-0.0,1.68762,0.0,0.59181,14.423,0,0,0,0,0.85725,0.0,"('>>', '>>>', 2)",,,,,,,,
59,12.4653,25.9296,-0.0,-0.0,8.499,30.5963,8.499,-0.0,1.6634,0.0,0.58337,15.259,0,0,0,0,0.87483,0.0,"('>>', '>>>', 2)",,,,,,,,
60,12.5589,26.7828,-0.0,-0.0,8.663,31.1866,8.663,-0.0,1.63975,0.0,0.57505,16.112,0,0,0,0,0.89215,0.0,"('>>', '>>>', 2)",,,,,,,,
61,12.7289,27.6523,-0.0,-0.0,8.8246,31.7685,8.8246,-0.0,1.61629,0.0,0.56685,16.982,0,0,0,0,0.90923,0.0,"('>>', '>>>', 2)",,,,,,,,
62,12.8222,28.5379,-0.0,-0.0,8.9839,32.3421,8.9839,-0.0,1.5934,0.0,0.55877,17.867,0,0,0,0,0.92606,0.0,"('>>', '>>>', 2)",,,,,,,,
63,12.993,29.4395,-0.0,-0.0,9.141,32.9076,9.141,0.0,1.5707,0.0,0.5508,18.769,0,0,0,0,0.94266,0.0,"('>>', '>>>', 2)",,,,,,,,
64,13.1012,30.3567,-0.0,-0.0,9.2958,33.4649,9.2958,-0.0,1.54819,0.0,0.54295,19.686,0,0,0,0,0.95902,0.0,"('>>', '>>>', 2)",,,,,,,,
65,13.2719,31.2893,-0.0,-0.0,9.4484,34.0143,9.4484,0.0,1.52607,0.0,0.53521,20.619,0,0,0,0,0.97514,0.0,"('>>', '>>>', 2)",,,,,,,,
66,13.365,32.2371,-0.0,-0.0,9.5989,34.5559,9.5989,-0.0,1.50433,0.0,0.52758,21.567,0,0,0,0,0.99104,0.0,"('>>', '>>>', 2)",,,,,,,,
67,13.5516,33.2,-0.0,-0.0,9.7471,35.0897,9.7471,-0.0,1.48296,0.0,0.52006,22.529,0,0,0,0,1.00671,0.0,"('>>', '>>>', 2)",,,,,,,,
68,13.6446,34.1776,-0.0,-0.0,9.8933,35.616,9.8933,-0.0,1.46179,0.0,0.51264,23.507,0,0,0,0,1.02215,0.0,"('>>', '>>>', 2)",,,,,,,,
69,13.8309,35.1698,-0.0,-0.0,10.0374,36.1347,10.0374,-0.0,1.441,0.0,0.50533,24.499,0,0,0,0,1.03738,0.0,"('>>', '>>>', 2)",,,,,,,,
70,13.9395,36.1764,-0.0,-0.0,10.1795,36.6461,10.1795,-0.0,1.4204,0.0,0.49813,25.506,0,0,0,0,1.05238,0.0,"('>>', '>>>', 2)",,,,,,,,
71,14.1098,37.1971,-0.0,-0.0,10.3195,37.1501,10.3195,-0.0,1.40018,0.0,0.49103,26.527,0,0,0,0,1.06718,0.0,"('>>', '>>>', 2)",,,,,,,,
72,14.203,38.2318,-0.0,-0.0,10.4575,37.647,10.4575,0.0,1.38016,0.0,0.48403,27.561,0,0,0,0,1.08176,0.0,"('>>', '>>>', 2)",,,,,,,,
73,14.3734,39.2803,-0.0,0.0,10.5936,38.1368,10.5936,0.0,1.36051,0.0,0.47712,28.61,0,0,0,0,1.09613,0.0,"('>>', '>>>', 2)",,,,,,,,
74,14.4667,40.3423,-0.0,0.0,10.7277,38.6196,10.7277,0.0,1.34106,0.0,0.47032,29.672,0,0,0,0,1.11031,0.0,"('>>', '>>>', 2)",,,,,,,,
75,14.6528,41.4177,-0.0,0.0,10.8599,39.0955,10.8599,0.0,1.32198,-0.0,0.46362,30.747,0,0,0,0,1.12427,0.0,"('>>', '>>>', 2)",,,,,,,,
76,14.7614,42.5063,-0.0,0.0,10.9902,39.5646,10.9902,0.0,1.3031,-0.0,0.45701,31.836,0,0,0,0,1.13804,0.0,"('>>', '>>>', 2)",,,,,,,,
77,14.9317,43.6079,-0.0,0.0,11.1186,40.0271,11.1186,0.0,1.2846,0.0,0.45049,32.937,0,0,0,0,1.15161,0.0,"('>>', '>>>', 2)",,,,,,,,
78,15.0248,44.7223,-0.0,0.0,11.2453,40.4829,11.2453,0.0,1.26629,0.0,0.44407,34.052,0,0,0,0,1.16499,0.0,"('>>', '>>>', 2)",,,,,,,,
79,15.1958,45.8493,-0.0,0.0,11.3701,40.9323,11.3701,0.0,1.24817,-0.0,0.43774,35.179,0,0,0,0,1.17818,0.0,"('>>', '>>>', 2)",,,,,,,,
80,15.2888,46.9888,-0.0,0.0,11.4931,41.3752,11.4931,0.0,1.23043,-0.0,0.4315,36.318,0,0,0,0,1.19118,0.0,"('>>', '>>>', 2)",,,,,,,,
81,15.4598,48.1405,-0.0,0.0,11.6144,41.8118,11.6144,0.0,1.21288,-0.0,0.42534,37.47,0,0,0,0,1.20399,0.0,"('>>', '>>>', 2)",,,,,,,,
82,15.5682,49.3043,-0.0,0.0,11.734,42.2422,11.734,0.0,1.19553,-0.0,0.41928,38.634,0,0,0,0,1.21663,0.0,"('>>', '>>>', 2)",,,,,,,,
83,15.7407,50.48,-0.0,0.0,11.8518,42.6665,11.8518,0.0,1.17855,-0.0,0.4133,39.81,1,0,0,0,1.22908,0.0,"('>>>', '1S0_0_', 2)",,,,,,,,
84,15.8322,51.6675,0.0,0.0,11.968,43.0848,11.968,0.0,1.16177,-0.0,0.40741,40.997,1,0,0,0,1.24135,0.0,"('>>>', '1S0_0_', 2)",,,,,,,,
85,16.0029,52.8666,0.0,0.0,12.0825,43.497,12.0825,0.0,1.14517,-0.0,0.4016,42.196,1,0,0,0,1.25346,0.0,"('>>>', '1S0_0_', 2)",,,,,,,,
86,16.096,54.0771,0.0,0.0,12.1954,43.9034,12.1954,0.0,1.12877,-0.0,0.39587,43.407,1,0,0,0,1.26538,0.0,"('>>>', '1S0_0_', 2)",,,,,,,,
87,16.2673,55.2989,0.0,0.0,12.3067,44.304,12.3067,0.0,1.11275,-0.0,0.39023,44.628,1,0,0,0,1.27714,0.0,"('>>>', '1S0_0_', 2)",,,,,,,,
88,16.3758,56.5278,0.0005,0.017,12.2536,44.1129,12.2536,0.0173,-0.53077,0.00358,-0.02555,45.857,1,0,0,0,1.28409,0.0,"('>>>', '1S0_0_', 2)",,,,,,,,
89,16.546,57.7523,0.0036,0.107,12.2095,43.9541,12.2093,0.0665,-0.44113,0.01103,-0.02113,47.082,1,0,0,0,1.27945,0.0,"('>>>', '1S0_0_', 2)",,,,,,,,
90,16.639,58.9725,0.012,0.317,12.1728,43.8221,12.172,0.1385,-0.3666,0.0173,-0.01746,48.302,1,0,0,0,1.27498,0.0,"('>>>', '1S0_0_', 2)",,,,,,,,
91,16.8255,60.1891,0.0278,0.636,12.1424,43.7128,12.1404,0.2241,-0.30369,0.02132,-0.0144,49.519,1,0,0,0,1.27123,0.0,"('>>>', '1S0_0_', 2)",,,,,,,,
92,16.9187,61.4027,0.0521,1.028,12.1174,43.6225,12.1133,0.3147,-0.25065,0.02305,-0.01187,50.733,1,0,0,0,1.26804,0.0,"('>>>', '1S0_0_', 2)",,,,,,,,
93,17.1043,62.6135,0.0852,1.449,12.0968,43.5486,12.0903,0.3986,-0.20546,0.02166,-0.00978,51.944,1,0,0,0,1.26533,0.0,"('>>>', '1S0_0_', 2)",,,,,,,,
94,17.213,63.8223,0.1195,1.63,12.0766,43.4759,12.0741,0.2486,-0.20195,-0.02828,-0.00807,53.153,1,0,0,0,1.26309,0.0,"('>>>', '1S0_0_', 2)",,,,,,,,
95,17.3838,65.0295,0.143,1.299,12.0628,43.426,12.0616,0.1671,-0.13844,-0.02481,-0.00639,54.36,1,0,0,0,1.26145,0.0,"('>>>', '1S0_0_', 2)",,,,,,,,
96,17.4764,66.2354,0.1604,0.944,12.0521,43.3874,12.051,0.1584,-0.10726,-0.00704,-0.00523,55.567,1,0,0,0,1.26018,0.0,"('>>>', '1S0_0_', 2)",,,,,,,,
97,17.6473,67.4403,0.1778,0.821,12.0427,43.3538,12.0411,0.1987,-0.09343,0.00804,-0.00434,56.772,1,0,0,0,1.25908,0.0,"('>>>', '1S0_0_', 2)",,,,,,,,
98,17.7403,68.6442,0.1998,0.955,12.0346,43.3245,12.0314,0.2779,-0.08126,0.01947,-0.00356,57.976,1,0,0,0,1.25805,0.0,"('>>>', '1S0_0_', 2)",,,,,,,,
99,17.9267,69.8471,0.231,1.326,12.027,43.2973,12.02,0.4115,-0.0757,0.03288,-0.00288,59.179,1,0,0,0,1.25701,0.0,"('>>>', '1S0_0_', 2)",,,,,,,,
100,18.0352,71.049,0.2642,1.553,12.016,43.2574,12.0143,0.2008,-0.11073,-0.03795,-0.00225,60.381,1,0,0,0,1.25598,0.0,"('>>>', '1S0_0_', 2)",,,,,,,,
101,18.2058,72.2504,0.2831,1.131,12.0126,43.2453,12.0121,0.1122,-0.03375,-0.02868,-0.00133,61.583,1,0,0,0,1.25544,0.0,"('>>>', '1S0_0_', 2)",,,,,,,,
102,18.2989,73.4515,0.2948,0.696,12.0106,43.2382,12.0103,0.0884,-0.01957,-0.01111,-0.00105,62.784,1,0,0,0,1.25522,0.0,"('>>>', '1S0_0_', 2)",,,,,,,,
103,18.4695,74.6525,0.3061,0.537,12.008,43.2287,12.007,0.1539,-0.0264,0.01276,-0.00088,63.985,1,0,0,0,1.25497,0.0,"('>>>', '1S0_0_', 2)",,,,,,,,
104,18.5625,75.853,0.325,0.759,12.0047,43.2169,12.0014,0.2818,-0.03277,0.03123,-0.00066,65.186,1,0,0,0,1.25458,0.0,"('>>>', '1S0_0_', 2)",,,,,,,,
105,18.7331,77.0528,0.3596,1.388,11.9982,43.1934,11.9865,0.5302,-0.06523,0.05987,-0.00039,66.386,1,0,0,0,1.25375,0.0,"('>>>', '1S0_0_', 2)",,,,,,,,
106,18.8413,78.2514,0.4025,1.922,11.9859,43.1493,11.9832,0.2541,-0.12263,-0.04924,0.00015,67.585,1,0,0,0,1.25255,0.0,"('>>>', '1S0_0_', 2)",,,,,,,,
107,19.0122,79.4497,0.426,1.438,11.9846,43.1445,11.9839,0.1283,-0.01343,-0.04038,0.00117,68.784,1,0,0,0,1.25226,0.0,"('>>>', '1S0_0_', 2)",,,,,,,,
108,19.1054,80.6481,0.4409,0.901,11.985,43.146,11.9841,0.1455,0.00438,-0.00551,0.00129,69.982,1,0,0,0,1.2523,0.0,"('>>>', '1S0_0_', 2)",,,,,,,,
109,19.2913,81.8463,0.4606,0.861,11.9818,43.1345,11.978,0.3002,-0.03204,0.03327,0.00125,71.181,1,0,0,0,1.25213,0.0,"('>>>', '1S0_0_', 2)",,,,,,,,
110,19.3844,83.0438,0.4968,1.441,11.9763,43.1146,11.964,0.5431,-0.05532,0.06044,0.00152,72.379,1,0,0,0,1.25133,0.0,"('>>>', '1S0_0_', 2)",,,,,,,,
111,19.5706,84.2392,0.5613,2.622,11.9625,43.0649,11.9245,0.9529,-0.1381,0.10059,0.00198,73.576,1,0,0,0,1.24924,0.0,"('>>>', '1S0_0_', 2)",,,,,,,,
112,19.6791,85.4316,0.6463,3.767,11.9327,42.9578,11.9176,0.601,-0.29742,-0.08635,0.00313,74.771,1,1,0,0,1.2461,0.0,"('>>>', '1S0_0_', 2)",,,,,,,,
113,19.85,86.6234,0.7031,3.215,11.9274,42.9386,11.9212,0.3849,-0.05334,-0.06919,0.00561,75.965,1,0,0,0,1.24549,0.0,"('>>>', '1S0_0_', 2)",,,,,,,,
114,19.9432,87.8156,0.7426,2.278,11.9301,42.9484,11.9256,0.329,0.02723,-0.02865,0.00605,77.157,1,1,0,0,1.24586,0.0,"('>>>', '1S0_0_', 2)",,,,,,,,
115,20.114,89.0073,0.7852,2.012,11.9176,42.9032,11.901,0.6282,-0.12546,0.06216,0.00582,78.35,1,1,0,0,1.24539,0.0,"('>>>', '1S0_0_', 2)",,,,,,,,
116,20.207,90.1964,0.8575,2.964,11.9037,42.8533,11.8603,1.0149,-0.1388,0.10009,0.00687,79.541,1,1,0,0,1.24265,0.0,"('>>>', '1S0_0_', 2)",,,,,,,,
117,20.3776,91.3803,0.9723,4.798,11.8711,42.736,11.7594,1.6249,-0.32581,0.16212,0.00803,80.731,1,1,0,0,1.23727,0.0,"('>>>', '1S0_0_', 2)",,,,,,,,
118,20.4863,92.5577,1.1253,6.771,11.8858,42.7887,11.8092,1.3467,0.14649,-0.16767,0.40644,81.918,1,1,0,0,1.23095,0.0,"('>>>', '1S0_0_', 2)",,,,,,,,
119,20.6568,93.7396,1.2523,6.607,11.8994,42.838,11.8641,0.9161,0.13687,-0.21513,0.40571,83.107,1,1,0,0,1.23538,0.0,"('>>>', '1S0_0_', 2)",,,,,,,,
120,20.75,94.9272,1.3322,4.795,11.9306,42.9502,11.9266,0.3101,0.31178,-0.223,0.40503,84.297,1,1,0,0,1.24135,0.0,"('>>>', '1S0_0_', 2)",,,,,,,,
121,20.9203,96.1214,1.3496,1.969,12.0007,43.2024,11.9945,-0.3838,0.70049,-0.19794,0.40347,85.491,1,1,0,0,1.24819,0.0,"('>>>', '1S0_0_', 2)",,,,,,,,
122,21.016,97.3229,1.303,-1.212,12.1102,43.5965,12.0758,-0.9114,1.09485,-0.14954,0.39997,86.694,1,1,0,0,1.25599,0.0,"('>>>', '1S0_0_', 2)",,,,,,,,
123,21.1845,98.5327,1.2086,-3.874,12.2278,44.0202,12.1651,-1.2365,1.17675,-0.08921,0.39449,87.907,1,1,0,0,1.26484,0.0,"('>>>', '1S0_0_', 2)",,,,,,,,
124,21.2948,99.7516,1.085,-5.573,12.3416,44.4299,12.2652,-1.3711,1.13813,-0.03398,0.38861,89.132,1,1,0,0,1.27438,0.0,"('>>>', '1S0_0_', 2)",,,,,,,,
125,21.4661,100.9805,0.9503,-6.304,12.45,44.8201,12.3762,-1.3542,1.08379,0.00674,0.38292,90.369,1,1,0,0,1.28497,0.0,"('>>>', '1S0_0_', 2)",,,,,,,,
126,21.5571,102.2206,0.8183,-6.273,12.5551,45.1985,12.4935,-1.2427,1.05125,0.03128,0.3775,91.616,1,1,0,0,1.29655,0.0,"('>>>', '1S0_0_', 2)",,,,,,,,
127,21.7277,103.4723,0.6976,-5.751,12.6589,45.5721,12.6122,-1.0863,1.03765,0.04213,0.37224,92.873,1,1,0,0,1.30871,0.0,"('>>>', '1S0_0_', 2)",,,,,,,,
128,21.8212,104.7359,0.5924,-4.986,12.762,45.9432,12.7289,-0.9181,1.03102,0.04332,0.36705,94.141,1,0,0,0,1.32099,0.0,"('>>>', '1S0_0_', 2)",,,,,,,,
129,22.0072,106.011,0.5034,-4.164,12.8644,46.3118,12.842,-0.7595,1.02391,0.0389,0.3619,95.419,1,0,0,0,1.33303,0.0,"('>>>', '1S0_0_', 2)",,,,,,,,
130,22.1001,107.2974,0.4298,-3.402,12.9658,46.6769,12.9509,-0.6227,1.01418,0.03205,0.35678,96.708,1,0,0,0,1.3447,0.0,"('>>>', '1S0_0_', 2)",,,,,,,,
131,22.2706,108.5945,0.3694,-2.758,13.066,47.0377,13.056,-0.5121,1.00207,0.02493,0.35171,98.006,2,0,0,0,1.35597,0.0,"('1S0_0_', '2S0_0_', 2)",,,,,,,,
132,22.3649,109.9022,0.3196,-2.244,13.1649,47.3936,13.158,-0.427,0.9886,0.01872,0.3467,99.315,2,0,0,0,1.36687,0.0,"('1S0_0_', '2S0_0_', 2)",,,,,,,,
133,22.5355,111.2199,0.2779,-1.85,13.2623,47.7444,13.2574,-0.3623,0.97459,0.01389,0.34176,100.633,2,0,0,0,1.37745,0.0,"('1S0_0_', '2S0_0_', 2)",,,,,,,,
134,22.6286,112.5476,0.2425,-1.553,13.3584,48.0903,13.3548,-0.3123,0.96059,0.01045,0.33688,101.962,2,0,0,0,1.38779,0.0,"('1S0_0_', '2S0_0_', 2)",,,,,,,,
135,22.7993,113.885,0.2119,-1.326,13.4531,48.4311,13.4503,-0.2723,0.94685,0.00815,0.33208,103.299,2,0,0,0,1.39793,0.0,"('1S0_0_', '2S0_0_', 2)",,,,,,,,
136,22.9078,115.2236,0.186,-1.131,13.2016,47.5259,13.1999,-0.2156,-2.51461,0.01005,-0.12109,104.638,2,0,0,0,1.39805,0.0,"('1S0_0_', '2S0_0_', 2)",,,,,,,,
137,23.0941,116.5396,0.1664,-0.899,12.9934,46.7762,12.9927,-0.1352,-2.08225,0.01581,-0.10014,105.954,2,0,0,0,1.3745,0.0,"('1S0_0_', '2S0_0_', 2)",,,,,,,,
138,23.1872,117.8356,0.1551,-0.575,12.821,46.1557,12.821,-0.0377,-1.72386,0.02083,-0.08278,107.25,2,0,0,0,1.35368,0.0,"('1S0_0_', '2S0_0_', 2)",,,,,,,,
139,23.358,119.115,0.1536,-0.165,12.6784,45.6423,12.6782,0.0683,-1.42595,0.02394,-0.06842,108.53,2,0,0,0,1.33642,0.0,"('1S0_0_', '2S0_0_', 2)",,,,,,,,
140,23.4511,120.3805,0.1627,0.302,12.5606,45.218,12.5593,0.1763,-1.17865,0.02522,-0.05654,109.795,2,0,0,0,1.32206,0.0,"('1S0_0_', '2S0_0_', 2)",,,,,,,,
141,23.637,121.6346,0.182,0.78,12.4634,44.8681,12.4604,0.2698,-0.97202,0.0227,-0.04671,111.049,2,0,0,0,1.31012,0.0,"('1S0_0_', '2S0_0_', 2)",,,,,,,,
142,23.7457,122.8791,0.2037,1.002,12.3802,44.5686,12.3795,0.1301,-0.8319,-0.02536,-0.03861,112.294,2,0,0,0,1.3002,0.0,"('1S0_0_', '2S0_0_', 2)",,,,,,,,
143,23.9321,124.1158,0.2152,0.704,12.3138,44.3296,12.3137,0.0483,-0.6639,-0.02379,-0.03168,113.531,2,0,0,0,1.29211,0.0,"('1S0_0_', '2S0_0_', 2)",,,,,,,,
144,24.0247,125.3461,0.22,0.338,12.2596,44.1346,12.2596,0.0141,-0.54157,-0.01204,-0.02615,114.761,2,0,0,0,1.28551,0.0,"('1S0_0_', '2S0_0_', 2)",,,,,,,,
145,24.1957,126.5712,0.222,0.121,12.2147,43.973,12.2147,0.0152,-0.44892,-0.00119,-0.02163,115.986,2,0,0,0,1.28006,0.0,"('1S0_0_', '2S0_0_', 2)",,,,,,,,
146,24.2885,127.792,0.225,0.103,12.1772,43.838,12.1771,0.0616,-0.37494,0.01064,-0.01789,117.207,2,0,0,0,1.27555,0.0,"('1S0_0_', '2S0_0_', 2)",,,,,,,,
147,24.4744,129.009,0.2332,0.293,12.1459,43.7253,12.1451,0.1426,-0.31318,0.01986,-0.01477,118.424,2,0,0,0,1.27174,0.0,"('1S0_0_', '2S0_0_', 2)",,,,,,,,
148,24.5833,130.223,0.243,0.432,12.1186,43.627,12.1186,0.0222,-0.27294,-0.02108,-0.01216,119.638,2,0,0,0,1.26854,0.0,"('1S0_0_', '2S0_0_', 2)",,,,,,,,
149,24.7538,131.4345,0.2445,0.198,12.0979,43.5524,12.0979,-0.0283,-0.20726,-0.01606,-0.00988,120.85,2,0,0,0,1.26591,0.0,"('1S0_0_', '2S0_0_', 2)",,,,,,,,
150,24.847,132.644,0.2423,-0.033,12.081,43.4916,12.081,-0.0288,-0.16893,-0.00346,-0.00816,122.059,2,0,0,0,1.26382,0.0,"('1S0_0_', '2S0_0_', 2)",,,,,,,,
151,25.0325,133.8518,0.241,-0.082,12.0666,43.4398,12.0666,0.0172,-0.14375,0.00974,-0.00675,123.267,2,0,0,0,1.26211,0.0,"('1S0_0_', '2S0_0_', 2)",,,,,,,,
152,25.1255,135.0582,0.2449,0.09,12.0544,43.3958,12.054,0.0988,-0.1223,0.01997,-0.00555,124.473,2,0,0,0,1.26067,0.0,"('1S0_0_', '2S0_0_', 2)",,,,,,,,
153,25.3114,136.2634,0.2575,0.456,12.044,43.3582,12.0421,0.2133,-0.1044,0.02856,-0.00453,125.679,2,0,0,0,1.25935,0.0,"('1S0_0_', '2S0_0_', 2)",,,,,,,,
154,25.42,137.4674,0.273,0.699,12.033,43.3188,12.0328,0.0649,-0.10967,-0.02578,-0.00366,126.883,2,0,0,0,1.25817,0.0,"('1S0_0_', '2S0_0_', 2)",,,,,,,,
155,25.5906,138.6705,0.2784,0.424,12.0268,43.2965,12.0268,-0.0047,-0.06173,-0.0218,-0.00275,128.086,2,0,0,0,1.25729,0.0,"('1S0_0_', '2S0_0_', 2)",,,,,,,,
156,25.6838,139.8731,0.279,0.128,12.0222,43.28,12.0222,0.0017,-0.04596,-0.00347,-0.00223,129.289,2,0,0,0,1.25669,0.0,"('1S0_0_', '2S0_0_', 2)",,,,,,,,
157,25.8546,141.0753,0.2811,0.073,12.0178,43.2643,12.0177,0.0578,-0.04369,0.012,-0.00185,130.491,2,0,0,0,1.2562,0.0,"('1S0_0_', '2S0_0_', 2)",,,,,,,,
158,25.9493,142.2769,0.2893,0.28,12.0138,43.2497,12.0128,0.1531,-0.04052,0.02356,-0.00149,131.692,2,0,0,0,1.25572,0.0,"('1S0_0_', '2S0_0_', 2)",,,,,,,,
159,26.1207,143.478,0.309,0.751,12.0087,43.2315,12.0043,0.327,-0.0506,0.04216,-0.00115,132.894,2,0,0,0,1.25512,0.0,"('1S0_0_', '2S0_0_', 2)",,,,,,,,
160,26.2268,144.6783,0.3338,1.108,12.001,43.2037,12.0004,0.1259,-0.07699,-0.03419,-0.00073,134.094,2,0,0,0,1.25435,0.0,"('1S0_0_', '2S0_0_', 2)",,,,,,,,
161,26.3999,145.8784,0.3455,0.773,12.0004,43.2013,12.0002,0.0532,-0.00684,-0.02488,-9e-05,135.294,2,0,0,0,1.25404,0.0,"('1S0_0_', '2S0_0_', 2)",,,,,,,,
162,26.4911,147.0784,0.3523,0.438,12.0003,43.201,12.0001,0.0696,-0.00078,-0.00212,-3e-05,136.494,2,0,0,0,1.25403,0.0,"('1S0_0_', '2S0_0_', 2)",,,,,,,,
163,26.6617,148.2784,0.3626,0.432,11.9987,43.1953,11.9975,0.1714,-0.01571,0.02221,-2e-05,137.694,2,0,0,0,1.25393,0.0,"('1S0_0_', '2S0_0_', 2)",,,,,,,,
164,26.7547,149.478,0.3832,0.803,11.9968,43.1886,11.9928,0.3122,-0.01881,0.03564,0.00011,138.894,2,0,0,0,1.25362,0.0,"('1S0_0_', '2S0_0_', 2)",,,,,,,,
165,26.9256,150.6768,0.4213,1.535,11.9905,43.1659,11.9764,0.5822,-0.06291,0.06503,0.00026,140.094,2,0,0,0,1.25279,0.0,"('1S0_0_', '2S0_0_', 2)",,,,,,,,
166,27.034,151.8768,0.469,2.14,12.0808,43.4909,12.0779,0.2632,0.90262,-0.06291,0.40047,141.294,2,0,0,0,1.25431,0.0,"('1S0_0_', '2S0_0_', 2)",,,,,,,,
167,27.2048,153.0867,0.489,1.398,12.1846,43.8647,12.1846,-0.0229,1.03831,-0.0773,0.39596,142.505,2,0,0,0,1.26472,0.0,"('1S0_0_', '2S0_0_', 2)",,,,,,,,
168,27.2979,154.3073,0.4826,0.153,12.2941,44.2586,12.2913,-0.2617,1.09439,-0.06575,0.39077,143.725,2,0,0,0,1.27597,0.0,"('1S0_0_', '2S0_0_', 2)",,,,,,,,
169,27.4839,155.5386,0.4545,-1.009,12.4046,44.6565,12.3975,-0.4184,1.10512,-0.04316,0.3853,144.957,2,0,0,0,1.28711,0.0,"('1S0_0_', '2S0_0_', 2)",,,,,,,,
170,27.5771,156.7805,0.4123,-1.825,12.5135,45.0487,12.5036,-0.4991,1.08961,-0.02024,0.37977,146.199,2,0,0,0,1.29824,0.0,"('1S0_0_', '2S0_0_', 2)",,,,,,,,
171,27.7475,158.033,0.363,-2.243,12.6203,45.4332,12.6099,-0.5129,1.068,-0.00222,0.37432,147.453,2,0,0,0,1.30931,0.0,"('1S0_0_', '2S0_0_', 2)",,,,,,,,
172,27.8557,159.2962,0.3129,-2.326,12.7252,45.8108,12.7162,-0.4794,1.04885,0.00936,0.36898,148.717,2,0,0,0,1.32039,0.0,"('1S0_0_', '2S0_0_', 2)",,,,,,,,
173,28.0261,160.5699,0.2664,-2.178,12.8286,46.1828,12.8216,-0.4216,1.03342,0.01509,0.36374,149.992,2,0,0,0,1.33146,0.0,"('1S0_0_', '2S0_0_', 2)",,,,,,,,
174,28.1193,161.8541,0.2256,-1.907,12.9305,46.55,12.9256,-0.3566,1.01983,0.01646,0.35857,151.277,2,0,0,0,1.34243,0.0,"('1S0_0_', '2S0_0_', 2)",,,,,,,,
175,28.2899,163.1487,0.1911,-1.595,13.0312,46.9123,13.0279,-0.2939,1.00652,0.01515,0.35347,152.572,2,0,0,0,1.35326,0.0,"('1S0_0_', '2S0_0_', 2)",,,,,,,,
176,28.3857,164.4535,0.1627,-1.297,13.1305,47.2698,13.1283,-0.2391,0.99302,0.01258,0.34844,153.877,2,0,0,0,1.36388,0.0,"('1S0_0_', '2S0_0_', 2)",,,,,,,,
177,28.5694,165.7683,0.1395,-1.042,13.2284,47.6223,13.227,-0.1947,0.97928,0.00973,0.34347,155.192,2,0,0,0,1.37432,0.0,"('1S0_0_', '2S0_0_', 2)",,,,,,,,
178,28.6782,167.0854,0.1266,-0.65,13.0112,46.8404,13.0112,0.0378,-2.17194,0.0449,-0.10237,156.509,2,0,0,0,1.37566,0.0,"('1S0_0_', '2S0_0_', 2)",,,,,,,,
179,28.8494,168.3827,0.1437,0.427,12.8143,46.1316,12.7986,0.6352,-1.96905,0.1417,-0.08427,157.806,2,0,0,0,1.35492,0.0,"('1S0_0_', '2S0_0_', 2)",,,,,,,,
180,28.9424,169.6578,0.2214,2.756,12.624,45.4464,12.5517,1.349,-1.90331,0.31678,-0.06786,159.084,2,0,0,0,1.33192,0.0,"('1S0_0_', '2S0_0_', 2)",,,,,,,,
181,29.1129,170.9078,0.3714,5.932,12.4611,44.86,12.2828,2.1008,-1.62896,0.35194,-0.052,160.343,2,0,0,0,1.30603,0.0,"('1S0_0_', '2S0_0_', 2)",,,,,,,,
182,29.2059,172.1305,0.5965,9.572,12.3264,44.375,11.9919,2.8521,-1.34718,0.35363,-0.03843,161.586,2,1,0,0,1.27819,0.0,"('1S0_0_', '2S0_0_', 2)",,,,,,,,
183,29.3944,173.3233,0.8969,13.461,12.2085,43.9506,11.6614,3.6137,-1.1788,0.34768,-0.0272,162.816,2,1,0,0,1.24779,0.0,"('1S0_0_', '2S0_0_', 2)",,,,,,,,
184,29.501,174.4906,1.2511,16.774,12.1507,43.7424,11.6469,3.4624,-0.57843,-0.31055,0.38957,164.036,2,1,0,0,1.22191,0.0,"('1S0_0_', '2S0_0_', 2)",,,,,,,,
185,29.6713,175.6548,1.5933,17.376,12.0799,43.4877,11.6551,3.1753,-0.70759,-0.39846,0.39247,165.249,2,1,0,0,1.21857,0.0,"('1S0_0_', '2S0_0_', 2)",,,,,,,,
186,29.7645,176.8214,1.9004,15.826,12.0095,43.2343,11.7198,2.622,-0.70376,-0.43824,0.396,166.456,3,1,0,0,1.22068,0.0,"('1S0_0_', '2S0_0_', 1)",,,,,,,,
187,29.9354,177.995,2.1495,13.13,11.9561,43.0421,11.7957,1.9522,-0.53389,-0.43758,0.39952,167.655,3,1,0,0,1.22736,0.0,"('1S0_0_', '2S0_0_', 1)",,,,,,,,
188,30.0282,179.176,2.3302,9.84,11.92,42.912,11.8578,1.2166,-0.36137,-0.41192,0.40219,168.85,3,1,0,0,1.23466,0.0,"('1S0_0_', '2S0_0_', 1)",,,,,,,,
189,30.1988,180.3627,2.4365,6.2,11.8989,42.8361,11.8907,0.4425,-0.21081,-0.36999,0.404,170.042,3,1,0,0,1.24024,0.0,"('1S0_0_', '2S0_0_', 1)",,,,,,,,
190,30.2916,181.5496,2.4877,3.027,11.8106,42.518,11.8015,0.4633,-0.88366,-0.01665,-0.05,171.23,4,1,0,0,1.24008,0.0,"('2S0_0_', '3r0_0_', 1)",,,,,,,,
191,30.4621,182.7273,2.5378,2.066,11.7006,42.122,11.688,0.5427,-1.09995,0.0349,-0.05,172.408,4,1,0,0,1.23033,0.0,"('2S0_0_', '3r0_0_', 1)",,,,,,,,
192,30.5552,183.8938,2.5954,2.37,11.5933,41.7358,11.5733,0.6805,-1.07291,0.04803,-0.05,173.576,4,1,0,0,1.21863,0.0,"('2S0_0_', '3r0_0_', 1)",,,,,,,,
193,30.7255,185.0489,2.6648,3.064,11.4891,41.3608,11.4629,0.7763,-1.04162,0.03832,-0.05,174.733,4,1,0,0,1.20685,0.0,"('2S0_0_', '3r0_0_', 1)",,,,,,,,
194,30.8187,186.1931,2.7424,3.684,11.3857,40.9886,11.3561,0.8213,-1.03392,0.02069,-0.05,175.88,4,1,0,0,1.19548,0.0,"('2S0_0_', '3r0_0_', 1)",,,,,,,,
195,30.9896,187.3267,2.8236,4.046,11.282,40.6152,11.2524,0.8173,-1.03715,0.00351,-0.05,177.017,4,1,0,0,1.18436,0.0,"('2S0_0_', '3r0_0_', 1)",,,,,,,,
196,31.1004,188.45,2.9039,4.129,11.1779,40.2404,11.1511,0.7729,-1.04118,-0.00958,-0.05,178.143,4,0,0,0,1.17355,0.0,"('2S0_0_', '3r0_0_', 1)",,,,,,,,
197,31.2686,189.5631,2.9794,3.989,11.0736,39.865,11.0513,0.7033,-1.04275,-0.01783,-0.05,179.259,4,0,0,0,1.16298,0.0,"('2S0_0_', '3r0_0_', 1)",,,,,,,,
198,31.3615,190.6663,3.0479,3.705,10.9694,39.4898,10.9516,0.6243,-1.04218,-0.02187,-0.05,180.364,4,0,0,0,1.1525,0.0,"('2S0_0_', '3r0_0_', 1)",,,,,,,,
199,31.532,191.7594,3.1088,3.346,10.8653,39.1151,10.8516,0.546,-1.04085,-0.02285,-0.05,181.459,4,0,0,0,1.14205,0.0,"('2S0_0_', '3r0_0_', 1)",,,,,,,,
200,31.6251,192.8426,3.162,2.967,10.7613,38.7408,10.7509,0.4727,-1.03965,-0.02192,-0.05,182.543,4,0,0,0,1.13157,0.0,"('2S0_0_', '3r0_0_', 1)",,,,,,,,
201,31.796,193.9156,3.208,2.601,10.6575,38.3668,10.6497,0.4068,-1.03882,-0.02,-0.05,183.617,4,0,0,0,1.12102,0.0,"('2S0_0_', '3r0_0_', 1)",,,,,,,,
202,31.9048,194.9785,3.2476,2.266,10.5536,37.993,10.5478,0.3495,-1.03833,-0.01771,-0.05,184.681,4,0,0,0,1.11042,0.0,"('2S0_0_', '3r0_0_', 1)",,,,,,,,
203,32.0752,196.0313,3.2817,1.971,10.4498,37.6193,10.4455,0.3007,-1.0381,-0.01543,-0.05,185.734,4,0,0,0,1.09976,0.0,"('2S0_0_', '3r0_0_', 1)",,,,,,,,
204,32.1683,197.0738,3.311,1.714,10.346,37.2457,10.3428,0.2592,-1.03796,-0.01335,-0.05,186.777,4,0,0,0,1.08904,0.0,"('2S0_0_', '3r0_0_', 1)",,,,,,,,
205,32.339,198.1059,3.3363,1.493,10.2422,36.872,10.2398,0.2239,-1.03789,-0.01155,-0.05,187.81,4,0,0,0,1.07827,0.0,"('2S0_0_', '3r0_0_', 1)",,,,,,,,
206,32.432,199.1278,3.3582,1.304,10.1384,36.4984,10.1366,0.1936,-1.03795,-0.01002,-0.05,188.832,4,0,0,0,1.0675,0.0,"('2S0_0_', '3r0_0_', 1)",,,,,,,,
207,32.6027,200.1394,3.3771,1.141,10.0346,36.1247,10.0332,0.1678,-1.03789,-0.00874,-0.05,189.843,4,0,0,0,1.05674,0.0,"('2S0_0_', '3r0_0_', 1)",,,,,,,,
208,32.7113,201.1407,3.3934,1.001,9.9309,35.7511,9.9298,0.1456,-1.03788,-0.00766,-0.05,190.845,4,0,0,0,1.04596,0.0,"('2S0_0_', '3r0_0_', 1)",,,,,,,,
209,32.8817,202.1316,3.4077,0.879,9.8271,35.3774,9.8262,0.1265,-1.03792,-0.00675,-0.05,191.836,4,0,0,0,1.03513,0.0,"('2S0_0_', '3r0_0_', 1)",,,,,,,,
210,32.975,203.1121,3.42,0.773,9.7233,35.0038,9.7227,0.1099,-1.03788,-0.00597,-0.05,192.816,4,0,0,0,1.0243,0.0,"('2S0_0_', '3r0_0_', 1)",,,,,,,,
211,33.1478,204.0823,3.4307,0.68,9.6195,34.6302,9.619,0.0955,-1.03787,-0.0053,-0.05,193.787,4,0,0,0,1.01349,0.0,"('2S0_0_', '3r0_0_', 1)",,,,,,,,
212,33.2392,205.0421,3.4401,0.598,9.5157,34.2565,9.5153,0.0829,-1.03784,-0.00471,-0.05,194.747,4,0,0,0,1.00264,0.0,"('2S0_0_', '3r0_0_', 1)",,,,,,,,
213,33.4099,205.9916,3.4481,0.527,9.4119,33.8829,9.4116,0.072,-1.03786,-0.0042,-0.05,195.696,4,0,0,0,0.99182,0.0,"('2S0_0_', '3r0_0_', 1)",,,,,,,,
214,33.5184,206.9307,3.4552,0.463,9.3081,33.5093,9.3079,0.0625,-1.0378,-0.00374,-0.05,196.635,4,0,0,0,0.98097,0.0,"('2S0_0_', '3r0_0_', 1)",,,,,,,,
215,33.6891,207.8594,3.4613,0.408,9.2044,33.1357,9.2042,0.0542,-1.03783,-0.00333,-0.05,197.564,4,0,0,0,0.97015,0.0,"('2S0_0_', '3r0_0_', 1)",,,,,,,,
216,33.7822,208.7778,3.4666,0.359,9.1006,32.7621,9.1005,0.047,-1.03783,-0.00297,-0.05,198.482,4,0,0,0,0.9593,0.0,"('2S0_0_', '3r0_0_', 1)",,,,,,,,
217,33.953,209.6857,3.4712,0.315,8.9968,32.3885,8.9967,0.0408,-1.03779,-0.00265,-0.05,199.39,4,0,0,0,0.94846,0.0,"('2S0_0_', '3r0_0_', 1)",,,,,,,,
218,34.0459,210.5833,3.4751,0.277,8.893,32.0149,8.8929,0.0353,-1.03778,-0.00236,-0.05,200.288,4,0,0,0,0.93762,0.0,"('2S0_0_', '3r0_0_', 1)",,,,,,,,
219,34.2167,211.4706,3.4786,0.244,8.7892,31.6412,8.7892,0.0306,-1.03779,-0.0021,-0.05,201.175,4,0,0,0,0.92677,0.0,"('2S0_0_', '3r0_0_', 1)",,,,,,,,
220,34.3253,212.3474,3.4816,0.214,8.6855,31.2676,8.6854,0.0265,-1.03782,-0.00187,-0.05,202.052,4,0,0,0,0.91593,0.0,"('2S0_0_', '3r0_0_', 1)",,,,,,,,
221,34.4954,213.2139,3.4841,0.188,8.5817,30.894,8.5816,0.0229,-1.03779,-0.00167,-0.05,202.918,4,0,0,0,0.90509,0.0,"('2S0_0_', '3r0_0_', 1)",,,,,,,,
222,34.5886,214.07,3.4864,0.165,8.4779,30.5204,8.4779,0.0198,-1.03782,-0.00149,-0.05,203.775,4,0,0,0,0.89424,0.0,"('2S0_0_', '3r0_0_', 1)",,,,,,,,
223,34.7593,214.9157,3.4883,0.145,8.3741,30.1468,8.3741,0.0171,-1.03784,-0.00132,-0.05,204.62,4,0,0,0,0.88339,0.0,"('2S0_0_', '3r0_0_', 1)",,,,,,,,
224,34.8522,215.751,3.49,0.127,8.2703,29.7732,8.2703,0.0147,-1.03783,-0.00118,-0.05,205.456,4,0,0,0,0.87254,0.0,"('2S0_0_', '3r0_0_', 1)",,,,,,,,
225,35.023,216.576,3.4914,0.112,8.1665,29.3996,8.1665,0.0127,-1.03782,-0.00105,-0.05,206.281,4,0,0,0,0.8617,0.0,"('2S0_0_', '3r0_0_', 1)",,,,,,,,
226,35.1319,217.3905,3.4927,0.098,8.0628,29.0259,8.0628,0.011,-1.03781,-0.00093,-0.05,207.095,4,0,0,0,0.85086,0.0,"('2S0_0_', '3r0_0_', 1)",,,,,,,,
227,35.3025,218.1947,3.4937,0.086,7.959,28.6523,7.959,0.0094,-1.03785,-0.00083,-0.05,207.899,4,0,0,0,0.84001,0.0,"('2S0_0_', '3r0_0_', 1)",,,,,,,,
228,35.3954,218.9886,3.4946,0.075,7.8552,28.2787,7.8552,0.0081,-1.0379,-0.00074,-0.05,208.693,4,0,0,0,0.82917,0.0,"('2S0_0_', '3r0_0_', 1)",,,,,,,,
229,35.5669,219.772,3.4954,0.066,7.7514,27.905,7.7514,0.007,-1.03789,-0.00066,-0.05,209.477,4,0,0,0,0.81833,0.0,"('2S0_0_', '3r0_0_', 1)",,,,,,,,
230,35.6589,220.5451,3.4961,0.058,7.6476,27.5314,7.6476,0.006,-1.03789,-0.00059,-0.05,210.25,4,0,0,0,0.80747,0.0,"('2S0_0_', '3r0_0_', 1)",,,,,,,,
231,35.83,221.3077,3.4967,0.05,7.5438,27.1577,7.5438,0.0052,-1.03789,-0.00052,-0.05,211.012,4,0,0,0,0.79663,0.0,"('2S0_0_', '3r0_0_', 1)",,,,,,,,
232,35.939,222.06,3.4972,0.044,7.44,26.7841,7.44,0.0044,-1.03789,-0.00046,-0.05,211.765,4,0,0,0,0.78578,0.0,"('2S0_0_', '3r0_0_', 1)",,,,,,,,
233,36.1096,222.802,3.4976,0.038,7.3362,26.4105,7.3362,0.0038,-1.03789,-0.00041,-0.05,212.507,4,0,0,0,0.77494,0.0,"('2S0_0_', '3r0_0_', 1)",,,,,,,,
234,36.2025,223.5335,3.498,0.034,7.2325,26.0368,7.2325,0.0032,-1.03789,-0.00037,-0.05,213.238,4,0,0,0,0.7641,0.0,"('2S0_0_', '3r0_0_', 1)",,,,,,,,
235,36.3728,224.2547,3.4983,0.029,7.1287,25.6632,7.1287,0.0028,-1.03789,-0.00033,-0.05,213.959,4,0,0,0,0.75326,0.0,"('2S0_0_', '3r0_0_', 1)",,,,,,,,
236,36.4657,224.9655,3.4986,0.026,7.0249,25.2896,7.0249,0.0024,-1.03789,-0.00029,-0.05,214.67,4,0,0,0,0.7424,0.0,"('2S0_0_', '3r0_0_', 1)",,,,,,,,
237,36.6369,225.6659,3.4988,0.022,6.9211,24.9159,6.9211,0.002,-1.03788,-0.00026,-0.05,215.37,4,0,0,0,0.73155,0.0,"('2S0_0_', '3r0_0_', 1)",,,,,,,,
238,36.748,226.3559,3.499,0.019,6.8173,24.5423,6.8173,0.0017,-1.03788,-0.00023,-0.05,216.061,4,0,0,0,0.72071,0.0,"('2S0_0_', '3r0_0_', 1)",,,,,,,,
239,36.9157,227.0356,3.4992,0.017,6.7135,24.1686,6.7135,0.0015,-1.03788,-0.0002,-0.05,216.74,4,0,0,0,0.70987,0.0,"('2S0_0_', '3r0_0_', 1)",,,,,,,,
240,37.009,227.7049,3.4993,0.015,6.6097,23.795,6.6097,0.0012,-1.03788,-0.00018,-0.05,217.409,4,0,0,0,0.69902,0.0,"('2S0_0_', '3r0_0_', 1)",,,,,,,,
241,37.1798,228.3638,3.4995,0.013,6.5059,23.4214,6.5059,0.001,-1.03788,-0.00016,-0.05,218.068,4,0,0,0,0.68817,0.0,"('2S0_0_', '3r0_0_', 1)",,,,,,,,
242,37.273,229.0123,3.4996,0.011,6.4021,23.0477,6.4021,0.0009,-1.03788,-0.00014,-0.05,218.717,4,0,0,0,0.67732,0.0,"('2S0_0_', '3r0_0_', 1)",,,,,,,,
243,37.4435,229.6504,3.4996,0.009,6.2984,22.6741,6.2984,0.0007,-1.03788,-0.00013,-0.05,219.355,4,0,0,0,0.66648,0.0,"('2S0_0_', '3r0_0_', 1)",,,,,,,,
244,37.5528,230.2782,3.4997,0.008,6.1946,22.3004,6.1946,0.0006,-1.03788,-0.00011,-0.05,219.983,4,0,0,0,0.65564,0.0,"('2S0_0_', '3r0_0_', 1)",,,,,,,,
245,37.7234,230.8956,3.4998,0.007,6.0908,21.9268,6.0908,0.0005,-1.03788,-0.0001,-0.05,220.6,4,0,0,0,0.64479,0.0,"('2S0_0_', '3r0_0_', 1)",,,,,,,,
246,37.8166,231.5026,3.4998,0.006,5.987,21.5532,5.987,0.0004,-1.03788,-9e-05,-0.05,221.207,4,0,0,0,0.63395,0.0,"('2S0_0_', '3r0_0_', 1)",,,,,,,,
247,37.9873,232.0992,3.4999,0.005,5.8832,21.1795,5.8832,0.0004,-1.03788,-8e-05,-0.05,221.804,4,0,0,0,0.62309,0.0,"('2S0_0_', '3r0_0_', 1)",,,,,,,,
248,38.0803,232.6854,3.4999,0.004,5.7794,20.8059,5.7794,0.0003,-1.03788,-7e-05,-0.05,222.39,4,0,0,0,0.61225,0.0,"('2S0_0_', '3r0_0_', 1)",,,,,,,,
249,38.2507,233.2613,3.4999,0.004,5.6756,20.4323,5.6756,0.0002,-1.03788,-6e-05,-0.05,222.966,4,0,0,0,0.60141,0.0,"('2S0_0_', '3r0_0_', 1)",,,,,,,,
250,38.3592,233.8321,3.4915,-0.272,5.8083,20.9097,5.8026,-0.2572,1.32625,-0.12299,0.52703,223.537,4,0,0,0,0.59697,0.0,"('2S0_0_', '3r0_0_', 1)",,,,,,,,
251,38.5291,234.4115,3.4548,-1.438,5.841,21.0276,5.7935,-0.7431,0.32762,-0.35541,0.51598,224.117,4,0,0,0,0.60568,0.0,"('2S0_0_', '3r0_0_', 1)",,,,,,,,
252,38.6224,234.9863,3.3715,-3.836,5.7219,20.5989,5.5903,-1.2203,-1.19087,-0.79299,0.51325,224.698,4,0,0,0,0.6005,0.0,"('2S0_0_', '3r0_0_', 1)",,,,,,,,
253,38.8085,235.5398,3.2399,-7.197,5.581,20.0918,5.3118,-1.7124,-1.40885,-0.90995,0.52317,225.267,4,0,0,0,0.57861,0.0,"('2S0_0_', '3r0_0_', 1)",,,,,,,,
254,38.9015,236.0642,3.0589,-11.344,5.4344,19.5639,4.9685,-2.2016,-1.46634,-0.98662,0.53491,225.822,4,1,0,0,0.54885,0.0,"('2S0_0_', '3r0_0_', 1)",,,,,,,,
255,39.0724,236.5534,2.8291,-16.129,5.31,19.116,4.5827,-2.6824,-1.24421,-1.0,0.54713,226.362,4,1,0,0,0.51317,0.0,"('2S0_0_', '3r0_0_', 1)",,,,,,,,
256,39.1808,237.0034,2.5516,-21.431,5.2132,18.7675,4.16,-3.142,-0.96788,-1.0,0.5575,226.891,4,1,0,0,0.47347,0.0,"('2S0_0_', '3r0_0_', 1)",,,,,,,,
257,39.3511,237.4103,2.2286,-27.161,5.1396,18.5025,3.6939,-3.5735,-0.73626,-1.0,0.56557,227.41,4,1,0,0,0.42999,0.0,"('2S0_0_', '3r0_0_', 1)",,,,,,,,
258,39.4468,237.7699,1.8628,-33.266,5.1055,18.3799,3.1916,-3.985,-0.34054,-0.96445,0.5717,227.923,4,1,0,0,0.38252,0.0,"('2S0_0_', '3r0_0_', 1)",,,,,,,,
259,39.6148,238.08,1.4565,-39.675,5.1392,18.5012,2.7235,-4.3583,0.33706,-0.90281,0.57454,228.435,5,1,0,0,0.33326,0.0,"('2S0_0_', '3r0_0_', 2)",,,,,,,,
260,39.7076,238.3451,1.0141,-46.12,5.2255,18.8117,2.3211,-4.6816,0.86241,-0.82572,0.57173,228.95,5,1,0,0,0.28862,0.0,"('2S0_0_', '3r0_0_', 2)",,,,,,,,
261,39.8935,238.571,0.54,-52.351,5.3429,19.2344,1.9578,-4.9712,1.17418,-0.73657,0.56454,229.475,5,1,0,0,0.2499,0.0,"('2S0_0_', '3r0_0_', 2)",,,,,,,,
262,39.989,238.7702,0.0496,-57.844,5.1636,18.5891,2.0229,-4.7509,-1.79242,0.82568,0.73286,230.005,5,1,0,0,0.22247,0.0,"('2S0_0_', '3r0_0_', 2)",,,,,,,,
263,40.1574,238.9734,-0.4197,-61.235,4.921,17.7158,2.1012,-4.4499,-2.42596,1.0,0.74182,230.516,5,1,0,0,-5.0,1.0,"('2S0_0_', '3r0_0_', 2)",,,,,,,,
264,40.2503,239.1866,-0.8579,-62.678,4.6892,16.8811,2.2615,-4.1078,-2.3185,1.0,0.75395,231.003,6,1,0,0,-5.0,1.0,"('3r0_0_', '3r0_1_', 2)",,,,,,,,
265,40.4234,239.4167,-1.2618,-62.447,4.502,16.2071,2.4688,-3.7647,-1.87214,1.0,0.76554,231.468,6,1,0,0,-5.0,1.0,"('3r0_0_', '3r0_1_', 2)",,,,,,,,
266,40.5143,239.6684,-1.6312,-60.831,4.3532,15.6716,2.7167,-3.4015,-1.48761,1.0,0.7749,231.915,6,1,0,0,0.27131,0.0,"('3r0_0_', '3r0_1_', 2)",,,,,,,,
267,40.684,239.9455,-1.9636,-58.064,4.243,15.2747,2.9906,-3.0098,-1.10248,1.0,0.78234,232.348,7,1,0,0,0.29619,0.0,"('3r0_0_', '3r1_4_', 0)",,,,,,,,
268,40.7774,240.2529,-2.2587,-54.297,4.3319,15.595,3.3702,-2.7217,0.88961,0.72625,0.78785,232.774,7,1,0,0,0.3269,0.0,"('3r0_0_', '3r1_4_', 0)",,,,,,,,
269,40.949,240.5968,-2.5263,-49.834,4.4702,16.0928,3.7115,-2.4915,1.38286,0.71662,0.7834,233.21,7,1,0,0,0.36402,0.0,"('3r0_0_', '3r1_4_', 0)",,,,,,,,
270,41.0417,240.9745,-2.7715,-45.067,4.6325,16.6769,4.0352,-2.2754,1.62261,0.69111,0.77649,233.66,7,1,0,0,0.39852,0.0,"('3r0_0_', '3r1_4_', 0)",,,,,,,,
271,41.2126,241.3844,-2.995,-40.181,4.8102,17.3165,4.3532,-2.0462,1.77668,0.65551,0.76838,234.127,7,1,0,0,0.43156,0.0,"('3r0_0_', '3r1_4_', 0)",,,,,,,,
272,41.3056,241.826,-3.1955,-35.279,5.0018,18.0064,4.6663,-1.8009,1.9162,0.61254,0.75949,234.612,7,1,0,0,-5.0,1.0,"('3r0_0_', '3r1_4_', 0)",,,,,,,,
273,41.4921,242.2985,-3.3721,-30.451,5.2041,18.7349,4.9665,-1.5547,2.02362,0.56359,0.74991,235.117,7,0,0,0,-5.0,1.0,"('3r0_0_', '3r1_4_', 0)",,,,,,,,
274,41.5851,242.8007,-3.5245,-25.796,5.4129,19.4864,5.2508,-1.3148,2.08755,0.51017,0.73979,235.641,7,0,0,0,-5.0,1.0,"('3r0_0_', '3r1_4_', 0)",,,,,,,,
275,41.7713,243.3311,-3.6532,-21.401,5.6242,20.2469,5.5199,-1.078,2.11265,0.45419,0.72936,236.187,7,0,0,0,-5.0,1.0,"('3r0_0_', '3r1_4_', 0)",,,,,,,,
276,41.8648,243.8881,-3.7582,-17.331,5.8355,21.0078,5.7736,-0.8474,2.11342,0.39762,0.71879,236.754,7,0,0,0,-5.0,1.0,"('3r0_0_', '3r1_4_', 0)",,,,,,,,
277,42.0356,244.4703,-3.8404,-13.63,6.0452,21.7628,6.0125,-0.6278,2.09716,0.342,0.70823,237.342,7,0,0,0,-5.0,1.0,"('3r0_0_', '3r1_4_', 0)",,,,,,,,
278,42.1285,245.0761,-3.9009,-10.33,6.2521,22.5075,6.2377,-0.4246,2.06885,0.28863,0.69774,237.951,7,0,0,0,0.63395,0.0,"('3r0_0_', '3r1_4_', 0)",,,,,,,,
279,42.2993,245.7042,-3.9414,-7.446,6.4554,23.2393,6.4508,-0.2422,2.03278,0.23853,0.6874,238.58,7,0,0,0,0.65716,0.0,"('3r0_0_', '3r1_4_', 0)",,,,,,,,
280,42.3924,246.3534,-3.964,-4.981,6.6546,23.9566,6.6541,-0.0835,1.9925,0.19253,0.67723,239.23,7,0,0,0,0.67916,0.0,"('3r0_0_', '3r1_4_', 0)",,,,,,,,
281,42.5784,247.0228,-3.9711,-2.926,6.8497,24.659,6.8495,0.0498,1.95099,0.15119,0.66727,239.899,7,0,0,0,0.70021,0.0,"('3r0_0_', '3r1_4_', 0)",,,,,,,,
282,42.6716,247.7116,-3.9652,-1.259,7.0408,25.3467,7.039,0.1574,1.91039,0.11486,0.65751,240.588,7,0,0,0,0.72051,0.0,"('3r0_0_', '3r1_4_', 0)",,,,,,,,
283,42.8422,248.4193,-3.9489,0.047,7.2279,26.0206,7.224,0.2398,1.87188,0.08365,0.64796,241.296,7,0,0,0,0.7402,0.0,"('3r0_0_', '3r1_4_', 0)",,,,,,,,
284,42.9352,249.1454,-3.9247,1.03,7.4116,26.6816,7.4055,0.2988,1.83614,0.05749,0.6386,242.022,7,0,0,0,0.75943,0.0,"('3r0_0_', '3r1_4_', 0)",,,,,,,,
285,43.1059,249.8896,-3.8948,1.728,7.5919,27.3308,7.5844,0.3366,1.8032,0.03613,0.62942,242.767,7,0,0,0,0.77833,0.0,"('3r0_0_', '3r1_4_', 0)",,,,,,,,
286,43.199,250.6516,-3.8614,2.184,7.7692,27.969,7.761,0.3561,1.77287,0.0192,0.62041,243.53,7,0,0,0,0.79695,0.0,"('3r0_0_', '3r1_4_', 0)",,,,,,,,
287,43.3694,251.4312,-3.8261,2.44,7.9436,28.5971,7.9355,0.3602,1.74469,0.00625,0.61154,244.31,7,0,0,0,0.81535,0.0,"('3r0_0_', '3r1_4_', 0)",,,,,,,,
288,43.4622,252.2282,-3.7906,2.535,8.1155,29.2157,8.1078,0.3522,1.71824,-0.00324,0.60282,245.108,7,0,0,0,0.83353,0.0,"('3r0_0_', '3r1_4_', 0)",,,,,,,,
289,43.6504,253.0423,-3.756,2.509,8.2848,29.8252,8.278,0.3348,1.6931,-0.00979,0.59423,245.923,7,0,0,0,0.85146,0.0,"('3r0_0_', '3r1_4_', 0)",,,,,,,,
290,43.7411,253.8735,-3.7231,2.393,8.4517,30.426,8.4459,0.311,1.66884,-0.01393,0.58576,246.755,7,0,0,0,0.86918,0.0,"('3r0_0_', '3r1_4_', 0)",,,,,,,,
291,43.9119,254.7214,-3.6927,2.217,8.6162,31.0182,8.6115,0.283,1.64521,-0.01615,0.57742,247.603,7,0,0,0,0.88667,0.0,"('3r0_0_', '3r1_4_', 0)",,,,,,,,
292,44.0048,255.5858,-3.665,2.005,8.7784,31.6022,8.7747,0.2531,1.62207,-0.01692,0.56919,248.468,7,0,0,0,0.90391,0.0,"('3r0_0_', '3r1_4_', 0)",,,,,,,,
293,44.1753,256.4665,-3.6403,1.776,8.9383,32.1779,8.9355,0.2227,1.59927,-0.01662,0.56108,249.349,7,0,0,0,0.92091,0.0,"('3r0_0_', '3r1_4_', 0)",,,,,,,,
294,44.2684,257.3632,-3.6186,1.545,9.096,32.7455,9.0939,0.1932,1.57669,-0.0156,0.55308,250.246,7,0,0,0,0.93766,0.0,"('3r0_0_', '3r1_4_', 0)",,,,,,,,
295,44.4391,258.2757,-3.5997,1.323,9.2514,33.3051,9.2499,0.1656,1.55441,-0.01415,0.5452,251.159,7,0,0,0,0.95414,0.0,"('3r0_0_', '3r1_4_', 0)",,,,,,,,
296,44.5323,259.2038,-3.5836,1.118,9.4047,33.8568,9.4036,0.1404,1.53237,-0.01246,0.53743,252.087,7,0,0,0,0.97036,0.0,"('3r0_0_', '3r1_4_', 0)",,,,,,,,
297,44.7183,260.1472,-3.5699,0.934,9.5557,34.4006,9.555,0.118,1.51066,-0.01072,0.52977,253.031,7,0,0,0,0.98639,0.0,"('3r0_0_', '3r1_4_', 0)",,,,,,,,
298,44.8116,261.1057,-3.5584,0.772,9.7046,34.9367,9.7041,0.0984,1.48909,-0.00903,0.52221,253.989,7,0,0,0,1.00217,0.0,"('3r0_0_', '3r1_4_', 0)",,,,,,,,
299,44.9823,262.079,-3.5489,0.633,9.8514,35.4651,9.8511,0.0816,1.46785,-0.00748,0.51477,254.962,7,0,0,0,1.01766,0.0,"('3r0_0_', '3r1_4_', 0)",,,,,,,,
300,45.0752,263.067,-3.5409,0.515,9.9961,35.986,9.9959,0.0675,1.44699,-0.00609,0.50743,255.95,7,0,0,0,1.03299,0.0,"('3r0_0_', '3r1_4_', 0)",,,,,,,,
301,45.2458,264.0694,-3.5344,0.418,10.1388,36.4995,10.1386,0.0557,1.42636,-0.0049,0.50019,256.953,7,0,0,0,1.04807,0.0,"('3r0_0_', '3r1_4_', 0)",,,,,,,,
302,45.339,265.0861,-3.5289,0.339,10.2793,37.0057,10.2792,0.046,1.40595,-0.0039,0.49306,257.97,7,0,0,0,1.06292,0.0,"('3r0_0_', '3r1_4_', 0)",,,,,,,,
303,45.525,266.1168,-3.5245,0.274,10.4179,37.5046,10.4179,0.0381,1.38589,-0.00309,0.48603,259.0,7,0,0,0,1.07758,0.0,"('3r0_0_', '3r1_4_', 0)",,,,,,,,
304,45.6178,267.1613,-3.5208,0.223,10.5546,37.9964,10.5545,0.0316,1.36627,-0.00243,0.4791,260.045,7,0,0,0,1.09196,0.0,"('3r0_0_', '3r1_4_', 0)",,,,,,,,
305,45.7886,268.2194,-3.5177,0.182,10.6892,38.4812,10.6892,0.0264,1.34659,-0.00191,0.47227,261.103,8,0,0,0,1.10624,0.0,"('3r1_4_', '3r0_1_', 0)",,,,,,,,
306,45.8815,269.291,-3.5151,0.149,10.822,38.9591,10.822,0.0222,1.32751,-0.0015,0.46554,262.175,8,0,0,0,1.12026,0.0,"('3r1_4_', '3r0_1_', 0)",,,,,,,,
307,46.0528,270.3758,-3.5129,0.123,10.9528,39.4302,10.9528,0.0187,1.30864,-0.00119,0.4589,263.259,8,0,0,0,1.1341,0.0,"('3r1_4_', '3r0_1_', 0)",,,,,,,,
308,46.1458,271.4736,-3.5111,0.102,11.0818,39.8946,11.0818,0.0159,1.28989,-0.00094,0.45236,264.357,8,0,0,0,1.14774,0.0,"('3r1_4_', '3r0_1_', 0)",,,,,,,,
309,46.3165,272.5844,-3.5096,0.085,11.209,40.3523,11.209,0.0135,1.27141,-0.00076,0.44591,265.468,8,0,0,0,-5.0,1.0,"('3r1_4_', '3r0_1_', 0)",,,,,,,,
310,46.4096,273.7055,-3.4971,0.427,11.2545,40.5162,11.2442,0.4819,0.4552,0.17053,0.43955,266.589,8,0,0,0,-5.0,1.0,"('3r1_4_', '3r0_1_', 0)",,,,,,,,
311,46.5954,274.8307,-3.4376,2.127,11.3306,40.7901,11.2805,1.0642,0.76097,0.17531,0.43728,267.716,8,0,0,0,-5.0,1.0,"('3r1_4_', '3r0_1_', 0)",,,,,,,,
312,46.6882,275.9601,-3.3223,4.708,11.4429,41.1945,11.335,1.5679,1.12325,0.152,0.43347,268.851,8,0,0,0,-5.0,1.0,"('3r1_4_', '3r0_1_', 0)",,,,,,,,
313,46.8738,277.0956,-3.1607,7.223,11.567,41.6412,11.4068,1.9183,1.2408,0.10815,0.42785,269.998,8,0,0,0,-5.0,1.0,"('3r1_4_', '3r0_1_', 0)",,,,,,,,
314,46.9673,278.2385,-2.967,9.13,11.6908,42.0867,11.4953,2.1286,1.23761,0.06139,0.42165,271.157,8,1,0,0,-5.0,1.0,"('3r1_4_', '3r0_1_', 0)",,,,,,,,
315,47.1379,279.3905,-2.7542,10.286,11.8107,42.5184,11.6004,2.2186,1.19907,0.0226,0.41546,272.329,8,1,0,0,1.20516,0.0,"('3r1_4_', '3r0_1_', 0)",,,,,,,,
316,47.231,280.5532,-2.5336,10.77,11.9271,42.9374,11.7186,2.2201,1.16395,-0.00452,0.40947,273.512,8,1,0,0,1.2163,0.0,"('3r1_4_', '3r0_1_', 0)",,,,,,,,
317,47.4041,281.7277,-2.3134,10.757,12.0411,43.3481,11.8444,2.1676,1.14078,-0.02036,0.40365,274.707,8,1,0,0,1.22868,0.0,"('3r1_4_', '3r0_1_', 0)",,,,,,,,
318,47.4946,282.9147,-2.0985,10.433,12.1537,43.7532,11.9728,2.0889,1.12547,-0.02723,0.39794,275.913,8,1,0,0,1.2417,0.0,"('3r1_4_', '3r0_1_', 0)",,,,,,,,
319,47.6807,284.1145,-1.8913,9.958,12.2649,44.1538,12.1003,2.0029,1.11269,-0.028,0.39232,277.131,8,1,0,0,1.25505,0.0,"('3r1_4_', '3r0_1_', 0)",,,,,,,,
320,47.7735,285.327,-1.6925,9.446,12.3749,44.5498,12.2247,1.9224,1.09982,-0.02525,0.38675,278.36,9,1,0,0,1.26815,0.0,"('3r0_0_', '3r0_1_', 2)",,,,,,,,
321,47.9449,286.5518,-1.5013,8.97,12.4835,44.9407,12.345,1.8543,1.08601,-0.02096,0.38125,279.599,9,1,0,0,1.28103,0.0,"('3r0_0_', '3r0_1_', 2)",,,,,,,,
322,48.0528,287.789,-1.3192,8.485,12.5893,45.3214,12.4711,1.7208,1.0574,-0.0328,0.37582,280.85,9,1,0,0,1.29377,0.0,"('3r0_0_', '3r0_1_', 2)",,,,,,,,
323,48.2391,289.0386,-1.1507,7.845,12.6932,45.6954,12.5969,1.5606,1.03884,-0.04,0.37054,282.111,9,1,0,0,1.30678,0.0,"('3r0_0_', '3r0_1_', 2)",,,,,,,,
324,48.3321,290.3008,-0.9983,7.072,12.7957,46.0644,12.7205,1.3845,1.025,-0.04321,0.36534,283.382,9,1,0,0,1.31973,0.0,"('3r0_0_', '3r0_1_', 2)",,,,,,,,
325,48.5182,291.5752,-0.8633,6.231,12.8971,46.4295,12.8403,1.2085,1.01422,-0.04264,0.36022,284.664,9,1,0,0,1.33248,0.0,"('3r0_0_', '3r0_1_', 2)",,,,,,,,
326,48.6114,292.8615,-0.7456,5.39,12.9975,46.7909,12.9556,1.0423,1.00393,-0.03933,0.35515,285.955,9,1,0,0,1.34477,0.0,"('3r0_0_', '3r0_1_', 2)",,,,,,,,
327,48.7819,294.1593,-0.644,4.602,13.0968,47.1484,13.0664,0.892,0.99295,-0.03449,0.35013,287.257,9,1,0,0,1.35673,0.0,"('3r0_0_', '3r0_1_', 2)",,,,,,,,
328,48.8905,295.468,-0.5572,3.9,13.1949,47.5016,13.1729,0.7615,0.9811,-0.02917,0.34516,288.569,9,0,0,0,1.36812,0.0,"('3r0_0_', '3r0_1_', 2)",,,,,,,,
329,49.0613,296.7874,-0.4829,3.298,13.2917,47.8502,13.2758,0.6513,0.96845,-0.0241,0.34026,289.89,9,0,0,0,1.37912,0.0,"('3r0_0_', '3r0_1_', 2)",,,,,,,,
330,49.1543,298.1169,-0.4194,2.793,13.3873,48.1941,13.3756,0.5593,0.95536,-0.01967,0.33541,291.221,10,0,0,0,1.3898,0.0,"('3r0_1_', '3r0_2_', 2)",,,,,,,,
331,49.3248,299.4564,-0.3648,2.376,13.4815,48.5333,13.4728,0.4825,0.94207,-0.01605,0.33064,292.562,10,0,0,0,1.40017,0.0,"('3r0_1_', '3r0_2_', 2)",,,,,,,,
332,49.421,300.8056,-0.3177,2.032,13.5743,48.8677,13.5679,0.4181,0.92884,-0.01319,0.32593,293.912,10,0,0,0,1.41027,0.0,"('3r0_1_', '3r0_2_', 2)",,,,,,,,
333,49.5886,302.1642,-0.2769,1.747,13.6659,49.1973,13.6611,0.3637,0.91572,-0.01099,0.32128,295.271,10,0,0,0,1.42014,0.0,"('3r0_1_', '3r0_2_', 2)",,,,,,,,
334,49.6975,303.5322,-0.2413,1.509,13.7562,49.5223,13.7525,0.3172,0.90275,-0.00929,0.3167,296.64,10,0,0,0,1.42985,0.0,"('3r0_1_', '3r0_2_', 2)",,,,,,,,
335,49.8682,304.9092,-0.2104,1.306,13.8452,49.8427,13.8424,0.277,0.88991,-0.00795,0.31219,298.017,10,0,0,0,1.43935,0.0,"('3r0_1_', '3r0_2_', 2)",,,,,,,,
336,49.9613,306.2953,-0.1833,1.132,13.9329,50.1585,13.9308,0.2418,0.87727,-0.00687,0.30774,299.403,10,0,0,0,1.44871,0.0,"('3r0_1_', '3r0_2_', 2)",,,,,,,,
337,50.1475,307.6901,-0.1597,0.981,14.0194,50.4698,14.0178,0.2109,0.86484,-0.00595,0.30335,300.798,10,0,0,0,1.45792,0.0,"('3r0_1_', '3r0_2_', 2)",,,,,,,,
338,50.2405,309.0936,-0.1391,0.85,14.1047,50.7767,14.1035,0.1838,0.85254,-0.00516,0.29903,302.202,10,0,0,0,1.46694,0.0,"('3r0_1_', '3r0_2_', 2)",,,,,,,,
339,50.4267,310.5056,-0.1212,0.735,14.1887,51.0793,14.1878,0.16,0.84042,-0.00447,0.29477,303.614,10,0,0,0,1.4759,0.0,"('3r0_1_', '3r0_2_', 2)",,,,,,,,
340,50.5353,311.9261,-0.1055,0.636,14.2715,51.3776,14.2709,0.1392,0.8285,-0.00385,0.29057,305.035,10,0,0,0,1.48466,0.0,"('3r0_1_', '3r0_2_', 2)",,,,,,,,
341,50.7214,313.3548,-0.0919,0.549,14.3532,51.6716,14.3527,0.1211,0.8167,-0.00331,0.28642,306.463,10,0,0,0,1.49333,0.0,"('3r0_1_', '3r0_2_', 2)",,,,,,,,
342,50.8151,314.7917,-0.0801,0.475,14.4337,51.9614,14.4333,0.1053,0.80509,-0.00284,0.28234,307.9,10,0,0,0,1.50181,0.0,"('3r0_1_', '3r0_2_', 2)",,,,,,,,
343,51.0011,316.2365,-0.0699,0.41,14.5131,52.2471,14.5128,0.0916,0.7936,-0.00243,0.27831,309.345,10,0,0,0,1.51019,0.0,"('3r0_1_', '3r0_2_', 2)",,,,,,,,
344,51.0943,317.6894,-0.0609,0.355,14.5913,52.5287,14.5911,0.0798,0.7822,-0.00208,0.27435,310.798,11,0,0,0,1.51851,0.0,"('3r0_2_', '4S0_0_', 2)",,,,,,,,
345,51.2653,319.1501,-0.0531,0.307,14.6684,52.8063,14.6682,0.0695,0.7711,-0.00178,0.27043,312.259,11,0,0,0,1.52667,0.0,"('3r0_2_', '4S0_0_', 2)",,,,,,,,
346,51.3742,320.6184,-0.0463,0.266,14.7444,53.0799,14.7443,0.0605,0.76008,-0.00153,0.26658,313.727,11,0,0,0,1.5347,0.0,"('3r0_2_', '4S0_0_', 2)",,,,,,,,
347,51.5445,322.0943,-0.0404,0.23,14.8194,53.3497,14.8193,0.0528,0.74938,-0.00132,0.26278,315.203,11,0,0,0,1.54261,0.0,"('3r0_2_', '4S0_0_', 2)",,,,,,,,
348,51.6376,323.5777,-0.0353,0.199,14.8932,53.6156,14.8932,0.046,0.73868,-0.00113,0.25903,316.686,11,0,0,0,1.55042,0.0,"('3r0_2_', '4S0_0_', 2)",,,,,,,,
349,51.8235,325.0685,-0.0308,0.173,14.966,53.8777,14.966,0.0401,0.72805,-0.00098,0.25534,318.177,11,0,0,0,1.5581,0.0,"('3r0_2_', '4S0_0_', 2)",,,,,,,,
350,51.9165,326.5665,-0.0269,0.15,15.0378,54.1361,15.0378,0.035,0.71778,-0.00084,0.2517,319.675,11,0,0,0,1.56572,0.0,"('3r0_2_', '4S0_0_', 2)",,,,,,,,
351,52.1033,328.0717,-0.0234,0.13,15.1086,54.3908,15.1085,0.0305,0.70743,-0.00073,0.24811,321.181,11,0,0,0,1.57318,0.0,"('3r0_2_', '4S0_0_', 2)",,,,,,,,
352,52.2114,329.584,-0.0205,0.113,15.1783,54.6418,15.1783,0.0266,0.69725,-0.00063,0.24457,322.693,11,0,0,0,1.58057,0.0,"('3r0_2_', '4S0_0_', 2)",,,,,,,,
353,52.3976,331.1031,-0.0179,0.098,15.247,54.8892,15.247,0.0232,0.68735,-0.00054,0.24109,324.212,11,0,0,0,1.58778,0.0,"('3r0_2_', '4S0_0_', 2)",,,,,,,,
354,52.4936,332.6292,-0.0156,0.085,15.3148,55.1332,15.3148,0.0203,0.67764,-0.00047,0.23765,325.738,11,0,0,0,1.59495,0.0,"('3r0_2_', '4S0_0_', 2)",,,,,,,,
355,52.6616,334.162,-0.0136,0.074,15.3816,55.3736,15.3816,0.0177,0.66792,-0.0004,0.23426,327.271,11,0,0,0,1.60202,0.0,"('3r0_2_', '4S0_0_', 2)",,,,,,,,
356,52.7555,335.7014,-0.0119,0.064,15.4474,55.6107,15.4474,0.0154,0.65839,-0.00035,0.23092,328.81,11,0,0,0,1.60897,0.0,"('3r0_2_', '4S0_0_', 2)",,,,,,,,
357,52.9407,337.2475,-0.0104,0.056,15.5123,55.8443,15.5123,0.0135,0.64905,-0.0003,0.22763,330.356,11,0,0,0,1.61586,0.0,"('3r0_2_', '4S0_0_', 2)",,,,,,,,
358,53.0496,338.8,-0.0091,0.048,15.5763,56.0747,15.5763,0.0117,0.6399,-0.00026,0.22438,331.909,11,0,0,0,1.62261,0.0,"('3r0_2_', '4S0_0_', 2)",,,,,,,,
359,53.2353,340.3589,-0.0079,0.042,15.6394,56.3018,15.6394,0.0103,0.63075,-0.00022,0.22118,333.468,11,0,0,0,1.62928,0.0,"('3r0_2_', '4S0_0_', 2)",,,,,,,,
360,53.3282,341.9241,-0.0069,0.036,15.7016,56.5256,15.7016,0.009,0.62179,-0.00019,0.21803,335.033,11,0,0,0,1.63584,0.0,"('3r0_2_', '4S0_0_', 2)",,,,,,,,
361,53.5146,343.4955,-0.006,0.032,15.7628,56.7462,15.7628,0.0078,0.61282,-0.00017,0.21492,336.604,11,0,0,0,1.64228,0.0,"('3r0_2_', '4S0_0_', 2)",,,,,,,,
362,53.6076,345.0729,-0.0053,0.028,15.8232,56.9637,15.8232,0.0068,0.60405,-0.00014,0.21186,338.182,11,0,0,0,1.64866,0.0,"('3r0_2_', '4S0_0_', 2)",,,,,,,,
363,53.778,346.6564,-0.0046,0.024,15.8828,57.178,15.8828,0.006,0.59547,-0.00013,0.20884,339.765,11,0,0,0,1.655,0.0,"('3r0_2_', '4S0_0_', 2)",,,,,,,,
364,53.887,348.2459,-0.004,0.021,15.9415,57.3894,15.9415,0.0052,0.58708,-0.00011,0.20586,341.355,11,0,0,0,1.66118,0.0,"('3r0_2_', '4S0_0_', 2)",,,,,,,,
365,54.0574,349.8412,-0.0035,0.018,15.9994,57.5977,15.9994,0.0045,0.57869,-9e-05,0.20293,342.95,11,0,0,0,1.6673,0.0,"('3r0_2_', '4S0_0_', 2)",,,,,,,,
366,54.1503,351.4423,-0.0031,0.016,16.0564,57.803,16.0564,0.004,0.5703,-8e-05,0.20003,344.551,11,0,0,0,1.67333,0.0,"('3r0_2_', '4S0_0_', 2)",,,,,,,,
367,54.321,353.049,-0.0027,0.014,16.1126,58.0055,16.1126,0.0035,0.56229,-7e-05,0.19718,346.158,11,0,0,0,1.67926,0.0,"('3r0_2_', '4S0_0_', 2)",,,,,,,,
368,54.4147,354.6614,-0.0024,0.012,16.1681,58.205,16.1681,0.003,0.55427,-6e-05,0.19437,347.77,11,0,0,0,1.68512,0.0,"('3r0_2_', '4S0_0_', 2)",,,,,,,,
369,54.5853,356.2793,-0.0021,0.01,16.2227,58.4016,16.2227,0.0027,0.54626,-5e-05,0.1916,349.388,11,0,0,0,1.69089,0.0,"('3r0_2_', '4S0_0_', 2)",,,,,,,,
370,54.694,357.9026,-0.0018,0.009,16.2765,58.5956,16.2765,0.0023,0.53863,-5e-05,0.18887,351.011,11,0,0,0,1.69663,0.0,"('3r0_2_', '4S0_0_', 2)",,,,,,,,
371,54.8645,359.5314,-0.0016,0.008,16.3296,58.7867,16.3296,0.002,0.53101,-4e-05,0.18617,352.64,11,0,0,0,1.70221,0.0,"('3r0_2_', '4S0_0_', 2)",,,,,,,,
372,54.9575,361.1654,-0.0014,0.007,16.382,58.9751,16.382,0.0018,0.52338,-3e-05,0.18352,354.274,12,0,0,0,1.70775,0.0,"('4S0_0_', '5S0_0_', 2)",,,,,,,,
373,55.144,362.8046,-0.0012,0.006,16.4336,59.1608,16.4336,0.0015,0.51575,-3e-05,0.1809,355.913,12,0,0,0,1.71317,0.0,"('4S0_0_', '5S0_0_', 2)",,,,,,,,
374,55.2377,364.449,-0.0011,0.005,16.4844,59.3439,16.4844,0.0014,0.5085,-3e-05,0.17832,357.558,12,0,0,0,1.71856,0.0,"('4S0_0_', '5S0_0_', 2)",,,,,,,,
375,55.4084,366.0984,-0.0009,0.005,16.5345,59.5243,16.5345,0.0012,0.50125,-2e-05,0.17578,359.207,12,0,0,0,1.72385,0.0,"('4S0_0_', '5S0_0_', 2)",,,,,,,,
376,55.5169,367.7529,-0.0008,0.004,16.5839,59.7022,16.5839,0.001,0.494,-2e-05,0.17327,360.862,12,0,0,0,1.72908,0.0,"('4S0_0_', '5S0_0_', 2)",,,,,,,,
377,55.7036,369.4123,-0.0007,0.003,16.6326,59.8775,16.6326,0.0009,0.48714,-2e-05,0.1708,362.521,12,0,0,0,1.73421,0.0,"('4S0_0_', '5S0_0_', 2)",,,,,,,,
378,55.7966,371.0765,-0.0006,0.003,16.6807,60.0504,16.6807,0.0008,0.48027,-1e-05,0.16837,364.185,12,0,0,0,1.73928,0.0,"('4S0_0_', '5S0_0_', 2)",,,,,,,,
379,55.9828,372.7455,-0.0005,0.003,16.728,60.2208,16.728,0.0007,0.4734,-1e-05,0.16597,365.854,12,0,0,0,1.74428,0.0,"('4S0_0_', '5S0_0_', 2)",,,,,,,,
380,56.0756,374.4192,-0.0005,0.002,16.7747,60.3888,16.7747,0.0006,0.46654,-1e-05,0.1636,367.528,12,0,0,0,1.74922,0.0,"('4S0_0_', '5S0_0_', 2)",,,,,,,,
381,56.2617,376.0976,-0.0004,0.002,16.8206,60.5543,16.8206,0.0005,0.45967,-1e-05,0.16127,369.206,12,0,0,0,1.75404,0.0,"('4S0_0_', '5S0_0_', 2)",,,,,,,,
382,56.37,377.7805,-0.0004,0.002,16.866,60.7174,16.866,0.0005,0.45319,-1e-05,0.15897,370.889,12,0,0,0,1.75888,0.0,"('4S0_0_', '5S0_0_', 2)",,,,,,,,
383,56.5406,379.468,-0.0003,0.002,16.9106,60.8782,16.9106,0.0004,0.4467,-1e-05,0.1567,372.577,12,0,0,0,1.76357,0.0,"('4S0_0_', '5S0_0_', 2)",,,,,,,,
384,56.6336,381.16,-0.0003,0.001,16.9547,61.0369,16.9547,0.0004,0.4406,-1e-05,0.15447,374.269,12,0,0,0,1.76825,0.0,"('4S0_0_', '5S0_0_', 2)",,,,,,,,
385,56.8041,382.8563,-0.0002,0.001,16.9981,61.1931,16.9981,0.0003,0.43411,-1e-05,0.15227,375.965,12,0,0,0,1.77281,0.0,"('4S0_0_', '5S0_0_', 2)",,,,,,,,
386,56.9001,384.5569,-0.0002,0.001,17.0409,61.3472,17.0409,0.0003,0.42801,-0.0,0.1501,377.666,12,0,0,0,1.77734,0.0,"('4S0_0_', '5S0_0_', 2)",,,,,,,,
387,57.0675,386.2619,-0.0002,0.001,17.0831,61.4991,17.0831,0.0002,0.42191,-0.0,0.14796,379.371,12,0,0,0,1.7818,0.0,"('4S0_0_', '5S0_0_', 2)",,,,,,,,
388,57.1762,387.971,-0.0002,0.001,17.1247,61.6488,17.1247,0.0002,0.4158,-0.0,0.14585,381.08,12,0,0,0,1.7862,0.0,"('4S0_0_', '5S0_0_', 2)",,,,,,,,
389,57.3621,389.6843,-0.0001,0.001,17.1657,61.7964,17.1657,0.0002,0.41008,-0.0,0.14377,382.793,12,0,0,0,1.79053,0.0,"('4S0_0_', '5S0_0_', 2)",,,,,,,,
390,57.4555,391.4017,-0.0001,0.001,17.2061,61.9419,17.2061,0.0002,0.40398,-0.0,0.14172,384.51,12,0,0,0,1.7948,0.0,"('4S0_0_', '5S0_0_', 2)",,,,,,,,
391,57.6255,393.1231,-0.0001,0.0,17.2459,62.0852,17.2459,0.0001,0.39825,-0.0,0.1397,386.232,12,0,0,0,1.79901,0.0,"('4S0_0_', '5S0_0_', 2)",,,,,,,,
392,57.7189,394.8484,-0.0001,0.0,17.2851,62.2265,17.2851,0.0001,0.39253,-0.0,0.13771,387.957,12,0,0,0,1.80316,0.0,"('4S0_0_', '5S0_0_', 2)",,,,,,,,
393,57.8896,396.5777,-0.0001,0.0,17.3239,62.3659,17.3239,0.0001,0.38719,-0.0,0.13574,389.687,12,0,0,0,1.80724,0.0,"('4S0_0_', '5S0_0_', 2)",,,,,,,,
394,57.9981,398.3075,-0.0001,0.0,17.2201,61.9923,17.2201,0.0001,-1.03798,-0.0,-0.05,391.416,12,0,0,0,1.80723,0.0,"('4S0_0_', '5S0_0_', 2)",,,,,,,,
395,58.1687,400.0274,-0.0001,0.0,17.1163,61.6186,17.1163,0.0001,-1.03798,-0.0,-0.05,393.136,12,0,0,0,1.79696,0.0,"('4S0_0_', '5S0_0_', 2)",,,,,,,,
396,58.2621,401.737,-0.0001,0.0,17.0125,61.2449,17.0125,0.0001,-1.03798,-0.0,-0.05,394.846,12,0,0,0,1.78612,0.0,"('4S0_0_', '5S0_0_', 2)",,,,,,,,
397,58.4325,403.4361,-0.0,0.0,16.9087,60.8712,16.9087,0.0001,-1.03798,-0.0,-0.05,396.545,12,0,0,0,1.77525,0.0,"('4S0_0_', '5S0_0_', 2)",,,,,,,,
398,58.5258,405.1249,-0.0,0.0,16.8049,60.4976,16.8049,0.0,-1.03798,-0.0,-0.05,398.234,12,0,0,0,1.7644,0.0,"('4S0_0_', '5S0_0_', 2)",,,,,,,,
399,58.6964,406.8033,-0.0,0.0,16.7011,60.1239,16.7011,0.0,-1.03798,-0.0,-0.05,399.912,12,0,0,0,1.75356,0.0,"('4S0_0_', '5S0_0_', 2)",,,,,,,,
400,58.805,408.4713,-0.0,0.0,16.5973,59.7502,16.5973,0.0,-1.03798,-0.0,-0.05,401.58,12,0,0,0,1.74272,0.0,"('4S0_0_', '5S0_0_', 2)",,,,,,,,
401,58.9758,410.129,-0.0,0.0,16.4935,59.3765,16.4935,0.0,-1.03798,-0.0,-0.05,403.238,12,0,0,0,1.73187,0.0,"('4S0_0_', '5S0_0_', 2)",,,,,,,,
402,59.0691,411.7763,-0.0,0.0,16.3897,59.0029,16.3897,0.0,-1.03798,-0.0,-0.05,404.885,12,0,0,0,1.72103,0.0,"('4S0_0_', '5S0_0_', 2)",,,,,,,,
403,59.2398,413.4132,-0.0,0.0,16.2859,58.6292,16.2859,0.0,-1.03798,-0.0,-0.05,406.522,12,0,0,0,1.71019,0.0,"('4S0_0_', '5S0_0_', 2)",,,,,,,,
404,59.3329,415.0397,-0.0,0.0,16.1821,58.2555,16.1821,0.0,-1.03798,-0.0,-0.05,408.149,12,0,0,0,1.69935,0.0,"('4S0_0_', '5S0_0_', 2)",,,,,,,,
405,59.5041,416.6558,-0.0,0.0,16.0783,57.8819,16.0783,0.0,-1.03798,-0.0,-0.05,409.765,12,0,0,0,1.68847,0.0,"('4S0_0_', '5S0_0_', 2)",,,,,,,,
406,59.6127,418.2472,0.0015,0.049,15.3726,55.3414,15.3725,0.0506,-7.05675,0.00802,-0.33986,411.356,12,0,0,0,1.66052,0.0,"('4S0_0_', '5S0_0_', 2)",,,,,,,,
407,59.7825,419.773,0.0196,0.587,14.7859,53.2291,14.7771,0.5081,-5.86767,0.07857,-0.28105,412.882,12,0,0,0,1.59238,0.0,"('4S0_0_', '5S0_0_', 2)",,,,,,,,
408,59.8754,421.242,0.0868,2.33,14.3697,51.7311,14.3152,1.2511,-4.16109,0.21218,-0.23215,414.352,12,0,0,0,1.53366,0.0,"('4S0_0_', '5S0_0_', 2)",,,,,,,,
409,60.0619,422.6654,0.2271,5.217,14.0422,50.552,13.8985,2.0043,-3.2752,0.23897,-0.19748,415.783,12,0,0,0,1.48662,0.0,"('4S0_0_', '5S0_0_', 2)",,,,,,,,
410,60.1576,424.0474,0.4427,8.612,13.7674,49.5627,13.4875,2.7624,-2.74792,0.23408,-0.17019,417.181,12,0,0,0,1.44388,0.0,"('4S0_0_', '5S0_0_', 2)",,,,,,,,
411,60.3408,425.3879,0.7343,12.195,13.5276,48.6993,13.0602,3.525,-2.39841,0.25877,-0.14729,418.553,12,1,0,0,1.40139,0.0,"('4S0_0_', '5S0_0_', 2)",,,,,,,,
412,60.4497,426.6955,1.079,15.169,13.4725,48.5011,13.049,3.3517,-0.55054,-0.26954,0.32362,419.906,12,1,0,0,1.36821,0.0,"('4S0_0_', '5S0_0_', 2)",,,,,,,,
413,60.6231,427.9999,1.4103,15.428,13.4109,48.2791,13.0569,3.0609,-0.61665,-0.34823,0.32637,421.251,12,1,0,0,1.36476,0.0,"('4S0_0_', '5S0_0_', 2)",,,,,,,,
414,60.7134,429.3068,1.7054,13.598,13.3528,48.07,13.1219,2.4722,-0.58094,-0.37865,0.32946,422.591,12,1,0,0,1.36697,0.0,"('4S0_0_', '5S0_0_', 2)",,,,,,,,
415,60.8872,430.6205,1.9385,10.796,13.309,47.9123,13.1926,1.7562,-0.43815,-0.36984,0.33236,423.925,13,1,0,0,1.37364,0.0,"('4S0_0_', '5S0_0_', 1)",,,,,,,,
416,60.978,431.9409,2.099,7.539,13.2765,47.7954,13.2396,0.9897,-0.32452,-0.33922,0.33455,425.256,13,1,0,0,1.38018,0.0,"('4S0_0_', '5S0_0_', 1)",,,,,,,,
417,61.1639,433.2656,2.1819,3.994,13.2587,47.7314,13.2575,0.1816,-0.17789,-0.29498,0.33617,426.583,13,1,0,0,1.38428,0.0,"('4S0_0_', '5S0_0_', 1)",,,,,,,,
418,61.2722,434.5818,2.2045,0.95,12.8602,46.2967,12.8579,0.2457,-3.98517,0.94968,-0.10489,427.899,13,1,0,0,1.37406,0.0,"('4S0_0_', '5S0_0_', 1)",,,,,,,,
419,61.4589,435.8588,2.2319,0.333,12.416,44.6977,12.4072,0.4679,-4.44183,1.0,-0.07168,429.176,13,1,0,0,1.33288,0.0,"('4S0_0_', '5S0_0_', 1)",,,,,,,,
420,61.5518,437.091,2.2877,1.658,12.0107,43.2384,11.9737,0.9414,-4.0536,1.0,-0.03467,430.41,14,1,0,0,1.28629,0.0,"('5S0_0_', '6S0_0_', 1)",,,,,,,,
421,61.7391,438.2807,2.3928,3.998,11.6775,42.0389,11.5818,1.4915,-3.33193,1.0,-0.00089,431.604,14,1,0,0,1.24222,0.0,"('5S0_0_', '6S0_0_', 1)",,,,,,,,
422,61.8321,439.431,2.5533,6.815,11.3689,40.928,11.1807,2.0602,-3.08564,1.0,0.02688,432.766,14,1,0,0,1.20146,0.0,"('5S0_0_', '6S0_0_', 1)",,,,,,,,
423,62.0183,440.5463,2.7744,9.972,11.3318,40.7946,10.9847,2.7833,-0.37069,0.2461,0.05259,433.903,14,1,0,0,1.16629,0.0,"('5S0_0_', '6S0_0_', 1)",,,,,,,,
424,62.1266,441.6441,3.0444,12.869,11.219,40.3882,10.9205,2.5704,-1.12878,-0.10881,-0.05,435.033,14,0,0,0,1.14836,0.0,"('5S0_0_', '6S0_0_', 1)",,,,,,,,
425,62.2981,442.735,3.2942,13.295,11.0811,39.892,10.8693,2.1562,-1.37858,-0.18327,-0.05,436.152,14,0,0,0,1.14069,0.0,"('5S0_0_', '6S0_0_', 1)",,,,,,,,
426,62.3913,443.8211,3.498,11.756,10.9375,39.375,10.829,1.5367,-1.43606,-0.21317,-0.05,437.257,14,0,0,0,1.13534,0.0,"('5S0_0_', '6S0_0_', 1)",,,,,,,,
427,62.5652,444.9028,3.6384,8.952,10.803,38.8907,10.7662,0.8905,-1.34507,-0.205,-0.05,438.348,14,0,0,0,1.13034,0.0,"('5S0_0_', '6S0_0_', 1)",,,,,,,,
428,62.6547,445.978,3.7197,5.78,10.6954,38.5036,10.6875,0.4128,-1.07551,-0.16922,-0.05,439.426,14,0,0,0,1.12329,0.0,"('5S0_0_', '6S0_0_', 1)",,,,,,,,
429,62.8257,447.045,3.7565,3.032,10.5959,38.1451,10.5956,0.0777,-0.99579,-0.12163,-0.05,440.494,14,0,0,0,1.11473,0.0,"('5S0_0_', '6S0_0_', 1)",,,,,,,,
430,62.9339,448.1027,3.7621,0.994,10.4962,37.7864,10.4954,-0.1277,-0.99646,-0.07735,-0.05,441.552,14,0,0,0,1.10491,0.0,"('5S0_0_', '6S0_0_', 1)",,,,,,,,
431,63.1044,449.1502,3.7488,-0.342,10.3946,37.4206,10.392,-0.2326,-1.01596,-0.04251,-0.05,442.599,14,0,0,0,1.09429,0.0,"('5S0_0_', '6S0_0_', 1)",,,,,,,,
432,63.1977,450.1874,3.7258,-1.105,10.2916,37.0496,10.288,-0.2724,-1.03057,-0.01812,-0.05,443.637,14,0,0,0,1.08348,0.0,"('5S0_0_', '6S0_0_', 1)",,,,,,,,
433,63.3681,451.2141,3.6992,-1.458,10.1878,36.6762,10.1841,-0.2741,-1.03722,-0.00276,-0.05,444.664,14,0,0,0,1.07258,0.0,"('5S0_0_', '6S0_0_', 1)",,,,,,,,
434,63.4643,452.2305,3.6726,-1.547,10.0839,36.3021,10.0807,-0.2547,-1.0391,0.00584,-0.05,445.681,14,0,0,0,1.06174,0.0,"('5S0_0_', '6S0_0_', 1)",,,,,,,,
435,63.632,453.2365,3.6479,-1.485,9.98,35.928,9.9775,-0.2252,-1.03913,0.00987,-0.05,446.687,14,0,0,0,1.05089,0.0,"('5S0_0_', '6S0_0_', 1)",,,,,,,,
436,63.7406,454.2321,3.626,-1.348,9.8761,35.5541,9.8742,-0.1933,-1.03873,0.01111,-0.05,447.683,14,0,0,0,1.04011,0.0,"('5S0_0_', '6S0_0_', 1)",,,,,,,,
437,63.9142,455.2175,3.6073,-1.185,9.7723,35.1803,9.7709,-0.164,-1.03825,0.0108,-0.05,448.668,14,0,0,0,1.02936,0.0,"('5S0_0_', '6S0_0_', 1)",,,,,,,,
438,64.0045,456.1925,3.5913,-1.023,9.6685,34.8067,9.6675,-0.1382,-1.03799,0.00975,-0.05,449.644,14,0,0,0,1.01851,0.0,"('5S0_0_', '6S0_0_', 1)",,,,,,,,
439,64.1748,457.1572,3.5779,-0.876,9.5647,34.433,9.564,-0.1164,-1.0379,0.00847,-0.05,450.608,14,0,0,0,1.00773,0.0,"('5S0_0_', '6S0_0_', 1)",,,,,,,,
440,64.2679,458.1115,3.5666,-0.747,9.4609,34.0594,9.4604,-0.0982,-1.03784,0.0072,-0.05,451.563,14,0,0,0,0.99689,0.0,"('5S0_0_', '6S0_0_', 1)",,,,,,,,
441,64.4383,459.0555,3.557,-0.638,9.3572,33.6858,9.3568,-0.0833,-1.03781,0.00607,-0.05,452.507,14,0,0,0,0.98608,0.0,"('5S0_0_', '6S0_0_', 1)",,,,,,,,
442,64.5475,459.9891,3.5489,-0.547,9.2534,33.3122,9.2531,-0.0709,-1.03781,0.00512,-0.05,453.44,14,0,0,0,0.97523,0.0,"('5S0_0_', '6S0_0_', 1)",,,,,,,,
443,64.7176,460.9123,3.542,-0.471,9.1496,32.9386,9.1494,-0.0605,-1.03778,0.00433,-0.05,454.364,14,0,0,0,0.96442,0.0,"('5S0_0_', '6S0_0_', 1)",,,,,,,,
444,64.8108,461.8252,3.5361,-0.407,9.0458,32.565,9.0457,-0.0518,-1.03781,0.0037,-0.05,455.277,14,0,0,0,0.95358,0.0,"('5S0_0_', '6S0_0_', 1)",,,,,,,,
445,64.9832,462.7277,3.531,-0.353,8.942,32.1913,8.9419,-0.0445,-1.0378,0.00318,-0.05,456.179,14,0,0,0,0.94274,0.0,"('5S0_0_', '6S0_0_', 1)",,,,,,,,
446,65.0743,463.6198,3.5267,-0.307,8.8383,31.8177,8.8382,-0.0383,-1.03778,0.00276,-0.05,457.071,14,0,0,0,0.93189,0.0,"('5S0_0_', '6S0_0_', 1)",,,,,,,,
447,65.2443,464.5016,3.5229,-0.268,8.7345,31.4441,8.7344,-0.033,-1.03778,0.0024,-0.05,457.953,14,0,0,0,0.92105,0.0,"('5S0_0_', '6S0_0_', 1)",,,,,,,,
448,65.3532,465.3729,3.5197,-0.234,8.6307,31.0705,8.6307,-0.0285,-1.03779,0.00211,-0.05,458.824,14,0,0,0,0.91021,0.0,"('5S0_0_', '6S0_0_', 1)",,,,,,,,
449,65.5237,466.2339,3.5169,-0.205,8.5269,30.6969,8.5269,-0.0246,-1.03781,0.00186,-0.05,459.685,14,0,0,0,0.89936,0.0,"('5S0_0_', '6S0_0_', 1)",,,,,,,,
450,65.6168,467.0845,3.5145,-0.179,8.4231,30.3233,8.4231,-0.0212,-1.03778,0.00164,-0.05,460.536,14,0,0,0,0.88852,0.0,"('5S0_0_', '6S0_0_', 1)",,,,,,,,
451,65.7874,467.9248,3.5125,-0.157,8.3194,29.9497,8.3193,-0.0183,-1.03785,0.00146,-0.05,461.376,14,0,0,0,0.87768,0.0,"('5S0_0_', '6S0_0_', 1)",,,,,,,,
452,65.8805,468.7546,3.5107,-0.138,8.2156,29.5761,8.2156,-0.0158,-1.03784,0.00129,-0.05,462.206,14,0,0,0,0.86683,0.0,"('5S0_0_', '6S0_0_', 1)",,,,,,,,
453,66.054,469.5741,3.5092,-0.121,8.1118,29.2025,8.1118,-0.0136,-1.03783,0.00115,-0.05,463.025,14,0,0,0,0.85599,0.0,"('5S0_0_', '6S0_0_', 1)",,,,,,,,
454,66.1595,470.3832,3.5078,-0.106,8.008,28.8288,8.008,-0.0117,-1.03782,0.00102,-0.05,463.835,14,0,0,0,0.84515,0.0,"('5S0_0_', '6S0_0_', 1)",,,,,,,,
455,66.33,471.182,3.5067,-0.093,7.9042,28.4552,7.9042,-0.0101,-1.0379,0.00091,-0.05,464.633,14,0,0,0,0.83431,0.0,"('5S0_0_', '6S0_0_', 1)",,,,,,,,
456,66.4234,471.9703,3.5057,-0.081,7.8004,28.0816,7.8004,-0.0087,-1.0379,0.00081,-0.05,465.422,14,0,0,0,0.82346,0.0,"('5S0_0_', '6S0_0_', 1)",,,,,,,,
457,66.5937,472.7483,3.5048,-0.071,7.6966,27.7079,7.6966,-0.0075,-1.0379,0.00072,-0.05,466.2,14,0,0,0,0.81259,0.0,"('5S0_0_', '6S0_0_', 1)",,,,,,,,
458,66.6867,473.5159,3.5041,-0.062,7.5929,27.3343,7.5929,-0.0064,-1.03789,0.00064,-0.05,466.967,14,0,0,0,0.80175,0.0,"('5S0_0_', '6S0_0_', 1)",,,,,,,,
459,66.8604,474.2731,3.5035,-0.054,7.4891,26.9606,7.4891,-0.0055,-1.03789,0.00057,-0.05,467.724,14,0,0,0,0.7909,0.0,"('5S0_0_', '6S0_0_', 1)",,,,,,,,
460,66.966,475.025,3.5035,-0.03,7.5962,27.3463,7.5962,0.0115,1.07137,0.00631,0.37591,468.476,14,0,0,0,0.78607,0.0,"('5S0_0_', '6S0_0_', 1)",,,,,,,,
461,67.1361,475.7866,3.5062,0.075,7.7004,27.7213,7.7001,0.0633,1.04151,0.02061,0.36698,469.238,14,0,0,0,0.79631,0.0,"('5S0_0_', '6S0_0_', 1)",,,,,,,,
462,67.2293,476.5586,3.5144,0.327,7.8016,28.0858,7.8004,0.1378,1.01273,0.03383,0.3583,470.01,14,0,0,0,0.80711,0.0,"('5S0_0_', '6S0_0_', 1)",,,,,,,,
463,67.4003,477.3405,3.5309,0.753,7.8997,28.439,7.8959,0.2445,0.98088,0.05015,0.34986,470.792,14,0,0,0,0.81744,0.0,"('5S0_0_', '6S0_0_', 1)",,,,,,,,
464,67.4933,478.1319,3.5588,1.38,7.9946,28.7804,7.9853,0.3839,0.94851,0.06708,0.34169,471.584,14,0,0,0,0.82733,0.0,"('5S0_0_', '6S0_0_', 1)",,,,,,,,
465,67.6638,478.9321,3.5999,2.184,8.0882,29.1174,8.0716,0.5169,0.93616,0.07036,0.33379,472.385,14,0,0,0,0.83663,0.0,"('5S0_0_', '6S0_0_', 1)",,,,,,,,
466,67.7724,479.7412,3.6433,2.709,8.1716,29.4179,8.1659,0.3066,0.83464,-0.04312,0.32599,473.196,14,0,0,0,0.84588,0.0,"('5S0_0_', '6S0_0_', 1)",,,,,,,,
467,67.9586,480.5597,3.6732,2.476,8.2618,29.7426,8.258,0.2507,0.90196,-0.03328,0.31903,474.015,14,0,0,0,0.85563,0.0,"('5S0_0_', '6S0_0_', 1)",,,,,,,,
468,68.0518,481.3872,3.699,2.145,8.3508,30.063,8.347,0.2529,0.89,-0.01511,0.31151,474.842,14,0,0,0,0.86515,0.0,"('5S0_0_', '6S0_0_', 1)",,,,,,,,
469,68.2381,482.2236,3.7267,1.998,8.4368,30.3724,8.4307,0.3196,0.8594,0.01252,0.3041,475.679,14,0,0,0,0.8743,0.0,"('5S0_0_', '6S0_0_', 1)",,,,,,,,
470,68.3316,483.068,3.7637,2.223,8.5167,30.66,8.5027,0.4874,0.79876,0.05603,0.29694,476.524,14,0,0,0,0.88272,0.0,"('5S0_0_', '6S0_0_', 1)",,,,,,,,
471,68.5198,483.9195,3.8161,2.882,8.5963,30.9466,8.572,0.6458,0.79629,0.06895,0.29028,477.378,14,0,0,0,0.89025,0.0,"('5S0_0_', '6S0_0_', 1)",,,,,,,,
472,68.6255,484.7782,3.8703,3.327,8.6542,31.155,8.6477,0.3343,0.57874,-0.07736,0.28364,478.238,14,0,0,0,0.89762,0.0,"('5S0_0_', '6S0_0_', 1)",,,,,,,,
473,68.8112,485.6446,3.9033,2.793,8.7328,31.4382,8.729,0.2585,0.78662,-0.04895,0.27882,479.105,14,0,0,0,0.90566,0.0,"('5S0_0_', '6S0_0_', 1)",,,,,,,,
474,68.9043,486.5189,3.9323,2.304,8.81,31.7159,8.8041,0.3208,0.77158,-0.00177,0.27226,479.98,14,0,0,0,0.914,0.0,"('5S0_0_', '6S0_0_', 1)",,,,,,,,
475,69.09,487.4005,3.9686,2.285,8.8826,31.9773,8.8709,0.4554,0.72601,0.03669,0.26584,480.862,14,0,0,0,0.92159,0.0,"('5S0_0_', '6S0_0_', 1)",,,,,,,,
476,69.1832,488.2877,4.0245,2.942,8.9341,32.1627,8.896,0.8238,0.51512,0.12362,0.25979,481.751,14,0,0,0,0.92735,0.0,"('5S0_0_', '6S0_0_', 1)",,,,,,,,
477,69.3692,489.1775,4.115,4.483,8.9921,32.3715,8.9142,1.181,0.5798,0.14862,0.25549,482.646,14,0,0,0,0.93023,0.0,"('5S0_0_', '6S0_0_', 1)",,,,,,,,
478,69.4776,490.0699,4.2232,5.925,9.0058,32.4208,8.9671,0.8334,0.13693,-0.11223,0.25066,483.544,14,1,0,0,0.93298,0.0,"('5S0_0_', '6S0_0_', 1)",,,,,,,,
479,69.6637,490.9682,4.3022,5.632,9.0656,32.6361,9.0448,0.613,0.59807,-0.08885,0.24952,484.446,14,1,0,0,0.93911,0.0,"('5S0_0_', '6S0_0_', 1)",,,,,,,,
480,69.7568,491.874,4.3656,4.788,9.1363,32.8908,9.1158,0.6125,0.70769,-0.03457,0.24454,485.354,14,1,0,0,0.94691,0.0,"('5S0_0_', '6S0_0_', 1)",,,,,,,,
481,69.9276,492.7865,4.4318,4.384,9.2015,33.1254,9.1715,0.7421,0.6515,0.02046,0.23864,486.269,14,1,0,0,0.95388,0.0,"('5S0_0_', '6S0_0_', 1)",,,,,,,,
482,70.0209,493.7023,4.5169,4.812,9.2064,33.143,9.1258,1.2151,0.0489,0.18226,0.23321,487.189,14,1,0,0,0.9572,0.0,"('5S0_0_', '6S0_0_', 1)",,,,,,,,
483,70.1915,494.6133,4.6493,6.66,9.2234,33.2042,9.0533,1.7631,0.17001,0.22201,0.2328,488.11,14,1,0,0,0.95258,0.0,"('5S0_0_', '6S0_0_', 1)",,,,,,,,
484,70.2998,495.5194,4.8154,8.839,9.1909,33.0874,9.0759,1.4495,-0.32437,-0.19403,0.23138,489.031,14,1,0,0,0.94746,0.0,"('5S0_0_', '6S0_0_', 1)",,,,,,,,
485,70.4707,496.4289,4.9531,8.972,9.2308,33.2308,9.1613,1.1301,0.39838,-0.10812,0.23409,489.951,14,1,0,0,0.95099,0.0,"('5S0_0_', '6S0_0_', 1)",,,,,,,,
486,70.5638,497.3427,5.0782,8.402,9.2191,33.1889,9.0858,1.5621,-0.11638,0.1725,0.23077,490.873,14,1,0,0,0.9553,0.0,"('5S0_0_', '6S0_0_', 1)",,,,,,,,
487,70.7502,498.2487,5.2439,9.419,9.1919,33.0907,8.9566,2.0662,-0.27285,0.27029,0.23174,491.794,14,1,0,0,0.94731,0.0,"('5S0_0_', '6S0_0_', 1)",,,,,,,,
488,70.8434,499.1405,5.4621,11.781,9.1574,32.9665,8.7631,2.6581,-0.3449,0.34081,0.23401,492.712,15,1,0,0,0.93302,0.0,"('5S0_0_', '6S0_0_', 0)",,,,,,,,
489,71.0297,500.0124,5.7405,15.111,9.1457,32.9246,8.5312,3.296,-0.11643,0.33992,0.23689,493.627,15,1,0,0,0.91304,0.0,"('5S0_0_', '6S0_0_', 0)",,,,,,,,
490,71.1378,500.8694,6.0624,18.382,9.1946,33.1007,8.6543,3.1057,0.48921,-0.12895,0.54271,494.543,15,1,0,0,0.89843,0.0,"('5S0_0_', '6S0_0_', 0)",,,,,,,,
491,71.3081,501.7372,6.3672,19.327,9.2287,33.2232,8.7986,2.7844,0.3402,-0.22065,0.54027,495.463,15,1,0,0,0.90936,0.0,"('5S0_0_', '6S0_0_', 0)",,,,,,,,
492,71.4013,502.6204,6.6365,18.293,9.2695,33.3703,8.9777,2.3075,0.40867,-0.26979,0.53857,496.386,15,1,0,0,0.92489,0.0,"('5S0_0_', '6S0_0_', 0)",,,,,,,,
493,71.59,503.5221,6.8564,15.854,9.3393,33.6214,9.1746,1.746,0.6975,-0.28059,0.53652,497.314,15,0,0,0,0.94367,0.0,"('5S0_0_', '6S0_0_', 0)",,,,,,,,
494,71.6823,504.444,7.019,12.491,9.4586,34.0509,9.3878,1.1546,1.19293,-0.2615,0.53304,498.25,15,0,0,0,0.9645,0.0,"('5S0_0_', '6S0_0_', 0)",,,,,,,,
495,71.851,505.3867,7.1272,8.859,9.605,34.5782,9.5799,0.6941,1.4647,-0.21999,0.52707,499.199,15,0,0,0,0.98591,0.0,"('5S0_0_', '6S0_0_', 0)",,,,,,,,
496,71.9473,506.3482,7.192,5.624,9.7584,35.1301,9.7524,0.3401,1.53309,-0.16777,0.51975,500.163,16,0,0,0,1.00546,0.0,"('6S0_0_', '7R0_0_', 0)",,,,,,,,
497,72.1338,507.3267,7.2231,3.05,9.9101,35.6762,9.9097,0.0863,1.51695,-0.11774,0.51208,501.142,16,0,0,0,1.02308,0.0,"('6S0_0_', '7R0_0_', 0)",,,,,,,,
498,72.2238,508.3207,7.2303,1.175,10.0577,36.2077,10.0574,-0.0824,1.47645,-0.07571,0.5045,502.136,16,0,0,0,1.03922,0.0,"('6S0_0_', '7R0_0_', 0)",,,,,,,,
499,72.4101,509.3293,7.2215,-0.078,10.2014,36.7249,10.1997,-0.1838,1.43677,-0.04341,0.49712,503.144,16,0,0,0,1.05451,0.0,"('6S0_0_', '7R0_0_', 0)",,,,,,,,
500,72.5028,510.3521,7.2031,-0.829,10.3418,37.2305,10.3392,-0.2338,1.40437,-0.02042,0.48993,504.167,16,0,0,0,1.0693,0.0,"('6S0_0_', '7R0_0_', 0)",,,,,,,,
501,72.6884,511.3887,7.1801,-1.209,10.4796,37.7267,10.4767,-0.2469,1.37833,-0.00527,0.48291,505.204,16,0,0,0,1.08384,0.0,"('6S0_0_', '7R0_0_', 0)",,,,,,,,
502,72.7977,512.4391,7.156,-1.334,10.6153,38.215,10.6127,-0.2363,1.35647,0.00378,0.47602,506.255,16,0,0,0,1.09818,0.0,"('6S0_0_', '7R0_0_', 0)",,,,,,,,
503,72.9672,513.5031,7.1331,-1.3,10.749,38.6963,10.7469,-0.2129,1.33675,0.00844,0.46924,507.319,16,0,0,0,1.11234,0.0,"('6S0_0_', '7R0_0_', 0)",,,,,,,,
504,73.06,514.5805,7.1124,-1.177,10.8808,39.1708,10.8792,-0.1846,1.31808,0.01015,0.46255,508.397,16,0,0,0,1.12636,0.0,"('6S0_0_', '7R0_0_', 0)",,,,,,,,
505,73.247,515.671,7.0945,-1.015,11.0107,39.6387,11.0096,-0.1557,1.29965,0.01006,0.45596,509.487,16,0,0,0,1.14006,0.0,"('6S0_0_', '7R0_0_', 0)",,,,,,,,
506,73.3399,516.7745,7.0794,-0.848,11.1389,40.1,11.1381,-0.129,1.2814,0.009,0.44946,510.591,16,0,0,0,1.15364,0.0,"('6S0_0_', '7R0_0_', 0)",,,,,,,,
507,73.5126,517.8909,7.0669,-0.694,11.2652,40.5547,11.2647,-0.1057,1.26328,0.00755,0.44306,511.707,16,0,0,0,1.16703,0.0,"('6S0_0_', '7R0_0_', 0)",,,,,,,,
508,73.6196,519.0198,7.0567,-0.561,11.3897,41.0031,11.3894,-0.0864,1.24537,0.00606,0.43674,512.836,16,0,0,0,1.18022,0.0,"('6S0_0_', '7R0_0_', 0)",,,,,,,,
509,73.7901,520.1612,7.0483,-0.452,11.5125,41.445,11.5123,-0.071,1.22761,0.00471,0.43051,513.978,16,0,0,0,1.19316,0.0,"('6S0_0_', '7R0_0_', 0)",,,,,,,,
510,73.8831,521.3148,7.0414,-0.365,11.6335,41.8806,11.6334,-0.059,1.21003,0.0036,0.42437,515.131,16,0,0,0,1.20592,0.0,"('6S0_0_', '7R0_0_', 0)",,,,,,,,
511,74.069,522.4805,7.0356,-0.298,11.7528,42.3101,11.7527,-0.0495,1.19286,0.00274,0.41832,516.297,16,0,0,0,1.2186,0.0,"('6S0_0_', '7R0_0_', 0)",,,,,,,,
512,74.1619,523.6581,7.0308,-0.246,11.8704,42.7334,11.8703,-0.0419,1.17589,0.0021,0.41236,517.475,16,0,0,0,1.23103,0.0,"('6S0_0_', '7R0_0_', 0)",,,,,,,,
513,74.3323,524.8474,7.0267,-0.206,11.9863,43.1507,11.9862,-0.036,1.15912,0.00163,0.40648,518.664,16,0,0,0,1.24327,0.0,"('6S0_0_', '7R0_0_', 0)",,,,,,,,
514,74.4411,526.0483,7.0232,-0.174,12.1005,43.562,12.1005,-0.0311,1.14251,0.0013,0.40069,519.865,16,0,0,0,1.25538,0.0,"('6S0_0_', '7R0_0_', 0)",,,,,,,,
515,74.6278,527.2606,7.0201,-0.149,12.2132,43.9674,12.2131,-0.027,1.12628,0.00107,0.39497,521.077,16,0,0,0,1.26724,0.0,"('6S0_0_', '7R0_0_', 0)",,,,,,,,
516,74.7203,528.4842,7.0175,-0.128,12.3242,44.3671,12.3242,-0.0235,1.11025,0.0009,0.38934,522.301,16,0,0,0,1.27903,0.0,"('6S0_0_', '7R0_0_', 0)",,,,,,,,
517,74.8927,529.7188,7.0152,-0.11,12.4336,44.7611,12.4336,-0.0205,1.09438,0.00076,0.38379,523.535,16,0,0,0,1.29057,0.0,"('6S0_0_', '7R0_0_', 0)",,,,,,,,
518,74.9873,530.9642,7.0132,-0.095,12.5415,45.1494,12.5415,-0.0179,1.07875,0.00066,0.37832,524.781,16,0,0,0,1.30186,0.0,"('6S0_0_', '7R0_0_', 0)",,,,,,,,
519,75.1547,532.2206,7.0114,-0.082,12.6478,45.5322,12.6478,-0.0155,1.06331,0.00057,0.37292,526.037,16,0,0,0,1.31332,0.0,"('6S0_0_', '7R0_0_', 0)",,,,,,,,
520,75.2628,533.4874,7.0099,-0.071,12.7527,45.9096,12.7527,-0.0135,1.04825,0.00049,0.36761,527.304,16,0,0,0,1.32417,0.0,"('6S0_0_', '7R0_0_', 0)",,,,,,,,
521,75.4366,534.7648,7.0086,-0.061,12.856,46.2816,12.856,-0.0117,1.03319,0.00042,0.36237,528.581,16,0,0,0,1.3352,0.0,"('6S0_0_', '7R0_0_', 0)",,,,,,,,
522,75.5262,536.0524,7.0075,-0.052,12.9578,46.6482,12.9578,-0.0101,1.01851,0.00036,0.3572,529.869,16,0,0,0,1.34597,0.0,"('6S0_0_', '7R0_0_', 0)",,,,,,,,
523,75.7123,537.3502,7.0065,-0.045,13.0582,47.0097,13.0582,-0.0087,1.00402,0.00031,0.35211,531.167,16,0,0,0,1.35655,0.0,"('6S0_0_', '7R0_0_', 0)",,,,,,,,
524,75.8053,538.658,7.0056,-0.038,13.1572,47.366,13.1572,-0.0076,0.98972,0.00026,0.34709,532.475,16,0,0,0,1.36695,0.0,"('6S0_0_', '7R0_0_', 0)",,,,,,,,
525,75.9912,539.9756,7.0049,-0.033,13.2548,47.7172,13.2548,-0.0066,0.9756,0.00022,0.34214,533.792,16,0,0,0,1.37733,0.0,"('6S0_0_', '7R0_0_', 0)",,,,,,,,
526,76.1,541.303,7.0042,-0.028,13.3509,48.0634,13.3509,-0.0057,0.96168,0.00019,0.33726,535.12,16,0,0,0,1.38747,0.0,"('6S0_0_', '7R0_0_', 0)",,,,,,,,
527,76.2704,542.64,7.0037,-0.024,13.4457,48.4047,13.4457,-0.0049,0.94795,0.00016,0.33245,536.457,16,0,0,0,1.39748,0.0,"('6S0_0_', '7R0_0_', 0)",,,,,,,,
528,76.3634,543.9865,7.0032,-0.021,13.5392,48.741,13.5392,-0.0043,0.93441,0.00014,0.32771,537.803,16,0,0,0,1.40736,0.0,"('6S0_0_', '7R0_0_', 0)",,,,,,,,
529,76.5336,545.3423,7.0028,-0.018,13.6313,49.0726,13.6313,-0.0037,0.92106,0.00012,0.32304,539.159,16,0,0,0,1.41718,0.0,"('6S0_0_', '7R0_0_', 0)",,,,,,,,
530,76.6268,546.7073,7.0024,-0.015,13.7221,49.3995,13.7221,-0.0032,0.90809,0.0001,0.31844,540.524,16,0,0,0,1.4268,0.0,"('6S0_0_', '7R0_0_', 0)",,,,,,,,
531,76.7972,548.0813,7.0021,-0.013,13.8116,49.7218,13.8116,-0.0028,0.89512,8e-05,0.3139,541.898,16,0,0,0,1.43611,0.0,"('6S0_0_', '7R0_0_', 0)",,,,,,,,
532,76.9059,549.4642,7.0018,-0.011,13.8998,50.0394,13.8998,-0.0024,0.88234,7e-05,0.30942,543.281,16,0,0,0,1.44548,0.0,"('6S0_0_', '7R0_0_', 0)",,,,,,,,
533,77.0929,550.856,7.0016,-0.01,13.9868,50.3525,13.9868,-0.0021,0.86975,6e-05,0.30501,544.673,16,0,0,0,1.45466,0.0,"('6S0_0_', '7R0_0_', 0)",,,,,,,,
534,77.1859,552.2563,7.0014,-0.009,14.0725,50.6612,14.0725,-0.0018,0.85735,5e-05,0.30066,546.073,16,0,0,0,1.46366,0.0,"('6S0_0_', '7R0_0_', 0)",,,,,,,,
535,77.3724,553.6652,7.0012,-0.007,14.1571,50.9654,14.1571,-0.0016,0.84515,4e-05,0.29637,547.482,16,0,0,0,1.47264,0.0,"('6S0_0_', '7R0_0_', 0)",,,,,,,,
536,77.4685,555.0825,7.0011,-0.006,14.2404,51.2654,14.2404,-0.0014,0.83313,4e-05,0.29215,548.899,16,0,0,0,1.48138,0.0,"('6S0_0_', '7R0_0_', 0)",,,,,,,,
537,77.6361,556.5082,7.0009,-0.005,14.3225,51.561,14.3225,-0.0012,0.82111,3e-05,0.28798,550.325,16,0,0,0,1.49011,0.0,"('6S0_0_', '7R0_0_', 0)",,,,,,,,
538,77.7446,557.942,7.0008,-0.005,14.4034,51.8524,14.4034,-0.0011,0.80948,3e-05,0.28388,551.759,16,0,0,0,1.49865,0.0,"('6S0_0_', '7R0_0_', 0)",,,,,,,,
539,77.9184,559.3839,7.0007,-0.004,14.4832,52.1396,14.4832,-0.0009,0.79784,2e-05,0.27983,553.201,16,0,0,0,1.50707,0.0,"('6S0_0_', '7R0_0_', 0)",,,,,,,,
540,78.0115,560.8338,7.0006,-0.004,14.5619,52.4228,14.5619,-0.0008,0.78659,2e-05,0.27584,554.65,16,0,0,0,1.51542,0.0,"('6S0_0_', '7R0_0_', 0)",,,,,,,,
541,78.1787,562.2916,7.0005,-0.003,14.6394,52.7019,14.6394,-0.0007,0.77534,2e-05,0.27191,556.108,17,0,0,0,1.52364,0.0,"('7R0_0_', '7R0_1_', 0)",,,,,,,,
542,78.2718,563.757,7.0005,-0.003,14.7158,52.977,14.7158,-0.0006,0.76427,2e-05,0.26803,557.574,17,0,0,0,1.53168,0.0,"('7R0_0_', '7R0_1_', 0)",,,,,,,,
543,78.4582,565.2301,7.0004,-0.002,14.7912,53.2483,14.7912,-0.0005,0.7534,1e-05,0.26421,559.047,17,0,0,0,1.53964,0.0,"('7R0_0_', '7R0_1_', 0)",,,,,,,,
544,78.5667,566.7108,7.0004,-0.002,14.8655,53.5156,14.8655,-0.0005,0.74272,1e-05,0.26044,560.527,17,0,0,0,1.54755,0.0,"('7R0_0_', '7R0_1_', 0)",,,,,,,,
545,78.7536,568.1988,7.0003,-0.002,14.9387,53.7792,14.9387,-0.0004,0.73204,1e-05,0.25673,562.015,17,0,0,0,1.55526,0.0,"('7R0_0_', '7R0_1_', 0)",,,,,,,,
546,78.8464,569.6941,7.0003,-0.001,15.0108,54.0389,15.0108,-0.0003,0.72155,1e-05,0.25307,563.511,17,0,0,0,1.56285,0.0,"('7R0_0_', '7R0_1_', 0)",,,,,,,,
547,79.0172,571.1966,7.0002,-0.001,15.0819,54.295,15.0819,-0.0003,0.71125,1e-05,0.24946,565.013,17,0,0,0,1.57037,0.0,"('7R0_0_', '7R0_1_', 0)",,,,,,,,
548,79.1103,572.7062,7.0002,-0.001,15.1521,54.5474,15.1521,-0.0003,0.70114,1e-05,0.2459,566.523,17,0,0,0,1.57777,0.0,"('7R0_0_', '7R0_1_', 0)",,,,,,,,
549,79.2809,574.2228,7.0002,-0.001,15.2212,54.7962,15.2212,-0.0002,0.69122,1e-05,0.2424,568.039,17,0,0,0,1.5851,0.0,"('7R0_0_', '7R0_1_', 0)",,,,,,,,
550,79.3896,575.7463,7.0002,-0.001,15.2893,55.0415,15.2893,-0.0002,0.6813,1e-05,0.23894,569.563,17,0,0,0,1.5923,0.0,"('7R0_0_', '7R0_1_', 0)",,,,,,,,
551,79.5758,577.2766,7.0001,-0.001,15.3565,55.2833,15.3565,-0.0002,0.67158,0.0,0.23553,571.093,17,0,0,0,1.59938,0.0,"('7R0_0_', '7R0_1_', 0)",,,,,,,,
552,79.6688,578.8135,7.0001,-0.001,15.4227,55.5216,15.4227,-0.0002,0.66204,0.0,0.23218,572.63,17,0,0,0,1.60639,0.0,"('7R0_0_', '7R0_1_', 0)",,,,,,,,
553,79.8547,580.3571,7.0001,-0.001,15.4879,55.7566,15.4879,-0.0001,0.65269,0.0,0.22887,574.174,17,0,0,0,1.61327,0.0,"('7R0_0_', '7R0_1_', 0)",,,,,,,,
554,79.9477,581.9072,7.0001,-0.001,15.5523,55.9882,15.5523,-0.0001,0.64335,0.0,0.2256,575.724,17,0,0,0,1.6201,0.0,"('7R0_0_', '7R0_1_', 0)",,,,,,,,
555,80.1192,583.4637,7.0001,-0.0,15.6157,56.2165,15.6157,-0.0001,0.63419,0.0,0.22239,577.28,17,0,0,0,1.62673,0.0,"('7R0_0_', '7R0_1_', 0)",,,,,,,,
556,80.2273,585.0265,7.0001,-0.0,15.6782,56.4415,15.6782,-0.0001,0.62504,0.0,0.21922,578.843,17,0,0,0,1.63336,0.0,"('7R0_0_', '7R0_1_', 0)",,,,,,,,
557,80.398,586.5955,7.0001,-0.0,15.7398,56.6634,15.7398,-0.0001,0.61626,0.0,0.21609,580.412,17,0,0,0,1.63986,0.0,"('7R0_0_', '7R0_1_', 0)",,,,,,,,
558,80.4917,588.1708,7.0001,-0.0,15.8006,56.882,15.8006,-0.0001,0.60749,0.0,0.21301,581.987,17,0,0,0,1.64642,0.0,"('7R0_0_', '7R0_1_', 0)",,,,,,,,
559,80.6617,589.7521,7.0,-0.0,15.8604,57.0976,15.8604,-0.0001,0.59872,0.0,0.20997,583.569,17,0,0,0,1.65261,0.0,"('7R0_0_', '7R0_1_', 0)",,,,,,,,
560,80.7544,591.3393,7.0,-0.0,15.9195,57.31,15.9195,-0.0001,0.59013,0.0,0.20698,585.156,17,0,0,0,1.65886,0.0,"('7R0_0_', '7R0_1_', 0)",,,,,,,,
561,80.9408,592.9324,7.0,-0.0,15.9776,57.5195,15.9776,-0.0,0.58174,0.0,0.20403,586.749,17,0,0,0,1.66498,0.0,"('7R0_0_', '7R0_1_', 0)",,,,,,,,
562,81.0516,594.5313,7.0,-0.0,16.035,57.7259,16.035,-0.0,0.57342,0.0,0.20112,588.348,17,0,0,0,1.6711,0.0,"('7R0_0_', '7R0_1_', 0)",,,,,,,,
563,81.2207,596.1359,7.0,-0.0,16.0915,57.9294,16.0915,-0.0,0.56534,-0.0,0.19825,589.953,17,0,0,0,1.67703,0.0,"('7R0_0_', '7R0_1_', 0)",,,,,,,,
564,81.3137,597.7462,7.0,-0.0,16.1472,58.13,16.1472,-0.0,0.55733,0.0,0.19542,591.563,17,0,0,0,1.68295,0.0,"('7R0_0_', '7R0_1_', 0)",,,,,,,,
565,81.5,599.362,7.0,-0.0,16.2022,58.3278,16.2022,-0.0,0.54932,0.0,0.19264,593.179,17,0,0,0,1.68869,0.0,"('7R0_0_', '7R0_1_', 0)",,,,,,,,
566,81.5929,600.9833,7.0,-0.0,16.2563,58.5227,16.2563,-0.0,0.54131,0.0,0.18989,594.8,17,0,0,0,1.69449,0.0,"('7R0_0_', '7R0_1_', 0)",,,,,,,,
567,81.7818,602.61,7.0,-0.0,16.3097,58.7148,16.3097,-0.0,0.53368,0.0,0.18719,596.427,17,0,0,0,1.70004,0.0,"('7R0_0_', '7R0_1_', 0)",,,,,,,,
568,81.8877,604.242,7.0,-0.0,16.3623,58.9042,16.3623,-0.0,0.52605,0.0,0.18452,598.059,17,0,0,0,1.70565,0.0,"('7R0_0_', '7R0_1_', 0)",,,,,,,,
569,82.0583,605.8793,7.0,-0.0,16.4142,59.0909,16.4142,-0.0,0.5188,-0.0,0.18189,599.696,17,0,0,0,1.71113,0.0,"('7R0_0_', '7R0_1_', 0)",,,,,,,,
570,82.1523,607.5217,7.0,-0.0,16.4653,59.275,16.4653,-0.0,0.51117,0.0,0.17929,601.338,17,0,0,0,1.71655,0.0,"('7R0_0_', '7R0_1_', 0)",,,,,,,,
571,82.3374,609.1693,7.0,-0.0,16.5157,59.4564,16.5157,-0.0,0.50392,0.0,0.17674,602.986,17,0,0,0,1.72184,0.0,"('7R0_0_', '7R0_1_', 0)",,,,,,,,
572,82.4304,610.8218,7.0,-0.0,16.5653,59.6352,16.5653,-0.0,0.49667,0.0,0.17422,604.638,17,0,0,0,1.72713,0.0,"('7R0_0_', '7R0_1_', 0)",,,,,,,,
573,82.6012,612.4794,7.0,-0.0,16.6143,59.8115,16.6143,-0.0,0.48981,0.0,0.17173,606.296,17,0,0,0,1.7323,0.0,"('7R0_0_', '7R0_1_', 0)",,,,,,,,
574,82.7098,614.1418,7.0,-0.0,16.6626,59.9852,16.6626,0.0,0.48256,0.0,0.16928,607.958,17,0,0,0,1.7374,0.0,"('7R0_0_', '7R0_1_', 0)",,,,,,,,
575,82.8803,615.809,7.0,0.0,16.7101,60.1565,16.7101,-0.0,0.47569,-0.0,0.16687,609.626,17,0,0,0,1.74237,0.0,"('7R0_0_', '7R0_1_', 0)",,,,,,,,
576,82.9733,617.481,7.0,0.0,16.7571,60.3254,16.7571,0.0,0.46921,-0.0,0.16449,611.298,17,0,0,0,1.7474,0.0,"('7R0_0_', '7R0_1_', 0)",,,,,,,,
577,83.1439,619.1576,7.0,0.0,16.8033,60.4918,16.8033,-0.0,0.46234,-0.0,0.16215,612.974,17,0,0,0,1.75225,0.0,"('7R0_0_', '7R0_1_', 0)",,,,,,,,
578,83.2374,620.8388,7.0,0.0,16.8489,60.6559,16.8489,0.0,0.45586,-0.0,0.15984,614.655,17,0,0,0,1.75703,0.0,"('7R0_0_', '7R0_1_', 0)",,,,,,,,
579,83.4081,622.5246,7.0,0.0,16.8938,60.8177,16.8938,0.0,0.44937,-0.0,0.15756,616.341,17,0,0,0,1.76181,0.0,"('7R0_0_', '7R0_1_', 0)",,,,,,,,
580,83.5007,624.2149,7.0,0.0,16.9381,60.9772,16.9381,0.0,0.44289,-0.0,0.15531,618.032,17,0,0,0,1.76653,0.0,"('7R0_0_', '7R0_1_', 0)",,,,,,,,
581,83.6876,625.9095,7.0,-0.0,16.9817,61.1343,16.9817,-0.0,0.4364,-0.0,0.1531,619.726,18,0,0,0,1.77106,0.0,"('7R0_1_', '8S0_0_', 0)",,,,,,,,
582,83.7806,627.6086,7.0,0.0,17.0248,61.2892,17.0248,-0.0,0.4303,-0.0,0.15091,621.425,18,0,0,0,1.77565,0.0,"('7R0_1_', '8S0_0_', 0)",,,,,,,,
583,83.951,629.3119,7.0,-0.0,17.0672,61.4419,17.0672,-0.0,0.42419,-0.0,0.14876,623.129,18,0,0,0,1.78011,0.0,"('7R0_1_', '8S0_0_', 0)",,,,,,,,
584,84.0443,631.0195,7.0,-0.0,17.109,61.5924,17.109,-0.0,0.41809,0.0,0.14664,624.836,18,0,0,0,1.78457,0.0,"('7R0_1_', '8S0_0_', 0)",,,,,,,,
585,84.2148,632.7312,7.0,-0.0,17.1502,61.7408,17.1502,-0.0,0.41237,-0.0,0.14455,626.548,18,0,0,0,1.78891,0.0,"('7R0_1_', '8S0_0_', 0)",,,,,,,,
586,84.323,634.447,7.0,-0.0,17.1909,61.8871,17.1909,-0.0,0.40627,0.0,0.14249,628.264,18,0,0,0,1.79318,0.0,"('7R0_1_', '8S0_0_', 0)",,,,,,,,
587,84.5093,636.1669,7.0,-0.0,17.2309,62.0313,17.2309,-0.0,0.40054,-0.0,0.14046,629.984,18,0,0,0,1.79739,0.0,"('7R0_1_', '8S0_0_', 0)",,,,,,,,
588,84.6023,637.8907,7.0,-0.0,17.2704,62.1734,17.2704,-0.0,0.39482,-0.0,0.13845,631.707,18,0,0,0,1.80159,0.0,"('7R0_1_', '8S0_0_', 0)",,,,,,,,
589,84.7729,639.6186,7.0,-0.0,17.3093,62.3135,17.3093,-0.0,0.3891,0.0,0.13648,633.435,18,0,0,0,1.80574,0.0,"('7R0_1_', '8S0_0_', 0)",,,,,,,,
590,84.8658,641.3502,7.0,-0.0,17.3477,62.4517,17.3477,-0.0,0.38376,0.0,0.13453,635.167,18,0,0,0,1.80969,0.0,"('7R0_1_', '8S0_0_', 0)",,,,,,,,
591,85.0366,643.0857,7.0,-0.0,17.3855,62.5878,17.3855,-0.0,0.37804,0.0,0.13262,636.902,18,0,0,0,1.81371,0.0,"('7R0_1_', '8S0_0_', 0)",,,,,,,,
592,85.1449,644.825,7.0,-0.0,17.4228,62.7219,17.4228,-0.0,0.3727,0.0,0.13073,638.642,18,0,0,0,1.81766,0.0,"('7R0_1_', '8S0_0_', 0)",,,,,,,,
593,85.3155,646.5679,7.0,-0.0,17.4595,62.8542,17.4595,-0.0,0.36736,-0.0,0.12886,640.385,18,0,0,0,1.82155,0.0,"('7R0_1_', '8S0_0_', 0)",,,,,,,,
594,85.4086,648.3146,7.0,-0.0,17.4957,62.9846,17.4957,-0.0,0.3624,-0.0,0.12703,642.131,18,0,0,0,1.82543,0.0,"('7R0_1_', '8S0_0_', 0)",,,,,,,,
595,85.579,650.0649,7.0,-0.0,17.5314,63.1132,17.5314,-0.0,0.35706,0.0,0.12521,643.882,18,0,0,0,1.8292,0.0,"('7R0_1_', '8S0_0_', 0)",,,,,,,,
596,85.6718,651.8188,7.0,0.0,17.5666,63.2399,17.5666,0.0,0.3521,0.0,0.12343,645.635,18,0,0,0,1.8329,0.0,"('7R0_1_', '8S0_0_', 0)",,,,,,,,
597,85.858,653.5762,7.0,0.0,17.6013,63.3648,17.6013,0.0,0.34676,0.0,0.12167,647.393,18,0,0,0,1.83659,0.0,"('7R0_1_', '8S0_0_', 0)",,,,,,,,
598,85.9662,655.337,7.0,0.0,17.6355,63.4879,17.6355,0.0,0.34218,-0.0,0.11993,649.154,18,0,0,0,1.84016,0.0,"('7R0_1_', '8S0_0_', 0)",,,,,,,,
599,86.1526,657.1012,7.0,0.0,17.6693,63.6093,17.6693,0.0,0.33722,-0.0,0.11822,650.918,18,0,0,0,1.84373,0.0,"('7R0_1_', '8S0_0_', 0)",,,,,,,,
600,86.2454,658.8688,7.0,0.0,17.7025,63.729,17.7025,-0.0,0.33226,-0.0,0.11654,652.685,18,0,0,0,1.84724,0.0,"('7R0_1_', '8S0_0_', 0)",,,,,,,,
601,86.4163,660.6397,7.0,-0.0,17.7353,63.8469,17.7353,0.0,0.32768,0.0,0.11488,654.456,18,0,0,0,10.0,0.0,"('7R0_1_', '8S0_0_', 0)",,,,,,,,
