timestep,elapsed_s,x,y,heading_deg,speed_ms,speed_kmh,vx,vy,accel_ms2,steering,throttle_brake,total_dist_m,lane_changes,on_broken_line,crash_vehicle,crash_object,reward,cost,current_lane_id,maneuver,reason,block_ahead,dist_to_block_m,vlm_notes,w_efficiency,w_comfort,w_safety,bias_KeepLane,bias_ChangeLaneLeft,bias_ChangeLaneRight,bias_Brake
34,12.8939,10.6705,0.0,0.0,3.5317,12.714,3.5317,0.0,35.3167,-0.0,0.83533,0.0,0,0,0,0,0.35056,0.0,"('>>', '>>>', 2)",,,,,,,,,,,,
35,13.3292,11.0284,0.0,0.0,3.7665,13.5593,3.7665,-0.0,2.34799,-0.0,0.82342,0.358,0,0,0,0,0.3748,0.0,"('>>', '>>>', 2)",,,,,,,,,,,,
36,13.4212,11.4096,0.0,0.0,3.9979,14.3925,3.9979,-0.0,2.31452,-0.0,0.81168,0.739,0,0,0,0,0.39925,0.0,"('>>', '>>>', 2)",,,,,,,,,,,,
37,13.608,11.814,0.0,0.0,4.2261,15.2138,4.2261,-0.0,2.28148,-0.0,0.8001,1.143,0,0,0,0,0.42336,0.0,"('>>', '>>>', 2)",,,,,,,,,,,,
38,13.7017,12.241,0.0,0.0,4.451,16.0235,4.451,-0.0,2.24895,-0.0,0.7887,1.571,0,0,0,0,0.44712,0.0,"('>>', '>>>', 2)",,,,,,,,,,,,
39,13.9199,12.6906,0.0,0.0,4.6727,16.8216,4.6727,0.0,2.21691,-0.0,0.77745,2.02,0,0,0,0,0.47054,0.0,"('>>', '>>>', 2)",,,,,,,,,,,,
40,14.2441,13.1622,0.0,-0.0,4.8912,17.6083,4.8912,-0.0,2.18534,-0.0,0.76637,2.492,0,0,0,0,0.49363,0.0,"('>>', '>>>', 2)",,,,,,,,,,,,
41,14.461,13.6556,0.0,-0.0,5.1066,18.3838,5.1066,-0.0,2.15416,-0.0,0.75544,2.985,0,0,0,0,0.51639,0.0,"('>>', '>>>', 2)",,,,,,,,,,,,
42,14.6025,14.1705,0.0,-0.0,5.319,19.1482,5.319,-0.0,2.12345,-0.0,0.74467,3.5,0,0,0,0,0.53883,0.0,"('>>', '>>>', 2)",,,,,,,,,,,,
43,14.7868,14.7066,0.0,-0.0,5.5283,19.9017,5.5283,-0.0,2.09312,-0.0,0.73405,4.036,0,0,0,0,0.56095,0.0,"('>>', '>>>', 2)",,,,,,,,,,,,
44,16.0126,15.2635,0.0,-0.0,5.7346,20.6445,5.7346,-0.0,2.06327,-0.0,0.72359,4.593,0,0,0,0,0.58275,0.0,"('>>', '>>>', 2)",,,,,,,,,,,,
45,16.4939,15.841,0.0,-0.0,5.938,21.3767,5.938,-0.0,2.0339,0.0,0.71327,5.171,0,0,0,0,0.60424,0.0,"('>>', '>>>', 2)",,,,,,,,,,,,
46,17.1611,16.4388,0.0,-0.0,6.1385,22.0985,6.1385,-0.0,2.00491,-0.0,0.7031,5.768,0,0,0,0,0.62542,0.0,"('>>', '>>>', 2)",,,,,,,,,,,,
47,17.8437,17.0566,0.0,-0.0,6.3361,22.81,6.3361,-0.0,1.9763,-0.0,0.69308,6.386,0,0,0,0,0.6463,0.0,"('>>', '>>>', 2)",,,,,,,,,,,,
48,17.986,17.6941,0.0,-0.0,6.5309,23.5113,6.5309,-0.0,1.94817,0.0,0.68319,7.024,0,0,0,0,0.66688,0.0,"('>>', '>>>', 2)",,,,,,,,,,,,
49,18.17,18.351,0.0,-0.0,6.723,24.2026,6.723,-0.0,1.92032,0.0,0.67345,7.681,0,0,0,0,0.68717,0.0,"('>>', '>>>', 2)",,,,,,,,,,,,
50,18.5728,19.0271,0.0,-0.0,6.9122,24.8841,6.9122,-0.0,1.89295,0.0,0.66385,8.357,0,0,0,0,0.70717,0.0,"('>>', '>>>', 2)",,,,,,,,,,,,
51,20.1078,19.722,0.0,-0.0,7.0988,25.5558,7.0988,-0.0,1.86596,0.0,0.65439,9.052,0,0,0,0,0.72689,0.0,"('>>', '>>>', 2)",,,,,,,,,,,,
52,20.5883,20.4356,0.0,-0.0,7.2828,26.218,7.2828,-0.0,1.83935,0.0,0.64506,9.765,0,0,0,0,0.74632,0.0,"('>>', '>>>', 2)",,,,,,,,,,,,
53,21.209,21.1675,0.0,-0.0,7.4641,26.8707,7.4641,-0.0,1.81313,0.0,0.63586,10.497,0,0,0,0,0.76548,0.0,"('>>', '>>>', 2)",,,,,,,,,,,,
54,21.4737,21.9175,0.0,-0.0,7.6428,27.5141,7.6428,-0.0,1.78728,0.0,0.6268,11.247,0,0,0,0,0.78436,0.0,"('>>', '>>>', 2)",,,,,,,,,,,,
55,22.2801,22.6852,0.0,-0.0,7.819,28.1484,7.819,-0.0,1.76182,0.0,0.61786,12.015,0,0,0,0,0.80298,0.0,"('>>', '>>>', 2)",,,,,,,,,,,,
56,22.7143,23.4706,-0.0,-0.0,7.9927,28.7736,7.9927,-0.0,1.73674,0.0,0.60905,12.8,0,0,0,0,0.82133,0.0,"('>>', '>>>', 2)",,,,,,,,,,,,
57,23.8157,24.2733,-0.0,-0.0,8.1639,29.39,8.1639,-0.0,1.71203,0.0,0.60037,13.603,0,0,0,0,0.83942,0.0,"('>>', '>>>', 2)",,,,,,,,,,,,
58,24.9219,25.093,-0.0,-0.0,8.3326,29.9975,8.3326,-0.0,1.68762,0.0,0.59181,14.423,0,0,0,0,0.85725,0.0,"('>>', '>>>', 2)",,,,,,,,,,,,
59,26.3298,25.9296,-0.0,-0.0,8.499,30.5963,8.499,-0.0,1.6634,0.0,0.58337,15.259,0,0,0,0,0.87483,0.0,"('>>', '>>>', 2)",,,,,,,,,,,,
60,26.7803,26.7828,-0.0,-0.0,8.663,31.1866,8.663,-0.0,1.63975,0.0,0.57505,16.112,0,0,0,0,0.89215,0.0,"('>>', '>>>', 2)",,,,,,,,,,,,
61,27.0894,27.6523,-0.0,-0.0,8.8246,31.7685,8.8246,-0.0,1.61629,0.0,0.56685,16.982,0,0,0,0,0.90923,0.0,"('>>', '>>>', 2)",,,,,,,,,,,,
62,28.0989,28.5379,-0.0,-0.0,8.9839,32.3421,8.9839,-0.0,1.5934,0.0,0.55877,17.867,0,0,0,0,0.92606,0.0,"('>>', '>>>', 2)",,,,,,,,,,,,
63,28.578,29.4395,-0.0,-0.0,9.141,32.9076,9.141,-0.0,1.5707,0.0,0.5508,18.769,0,0,0,0,0.94266,0.0,"('>>', '>>>', 2)",,,,,,,,,,,,
64,29.8194,30.3567,-0.0,-0.0,9.2958,33.4649,9.2958,-0.0,1.54819,0.0,0.54295,19.686,0,0,0,0,0.95902,0.0,"('>>', '>>>', 2)",,,,,,,,,,,,
65,30.6409,31.2893,-0.0,-0.0,9.4484,34.0143,9.4484,-0.0,1.52607,0.0,0.53521,20.619,0,0,0,0,0.97514,0.0,"('>>', '>>>', 2)",,,,,,,,,,,,
66,31.0005,32.2371,-0.0,-0.0,9.5989,34.5559,9.5989,-0.0,1.50433,0.0,0.52758,21.567,0,0,0,0,0.99104,0.0,"('>>', '>>>', 2)",,,,,,,,,,,,
67,32.0058,33.2,-0.0,-0.0,9.7471,35.0897,9.7471,-0.0,1.48296,0.0,0.52006,22.529,0,0,0,0,1.00671,0.0,"('>>', '>>>', 2)",,,,,,,,,,,,
68,32.3783,34.1776,-0.0,-0.0,9.8933,35.616,9.8933,-0.0,1.46179,0.0,0.51264,23.507,0,0,0,0,1.02215,0.0,"('>>', '>>>', 2)",,,,,,,,,,,,
69,32.6888,35.1698,-0.0,-0.0,10.0374,36.1347,10.0374,-0.0,1.441,0.0,0.50533,24.499,0,0,0,0,1.03738,0.0,"('>>', '>>>', 2)",,,,,,,,,,,,
70,33.092,36.1764,-0.0,-0.0,10.1795,36.6461,10.1795,-0.0,1.4204,0.0,0.49813,25.506,0,0,0,0,1.05238,0.0,"('>>', '>>>', 2)",,,,,,,,,,,,
71,34.4421,37.1971,-0.0,-0.0,10.3195,37.1501,10.3195,-0.0,1.40018,0.0,0.49103,26.527,0,0,0,0,1.06718,0.0,"('>>', '>>>', 2)",,,,,,,,,,,,
72,35.0316,38.2318,-0.0,-0.0,10.4575,37.647,10.4575,-0.0,1.38016,0.0,0.48402,27.561,0,0,0,0,1.08176,0.0,"('>>', '>>>', 2)",,,,,,,,,,,,
73,35.342,39.2803,-0.0,-0.0,10.5936,38.1368,10.5936,-0.0,1.36051,0.0,0.47712,28.61,0,0,0,0,1.09613,0.0,"('>>', '>>>', 2)",,,,,,,,,,,,
74,35.6991,40.3423,-0.0,-0.0,10.7277,38.6196,10.7277,0.0,1.34106,0.0,0.47032,29.672,0,0,0,0,1.11031,0.0,"('>>', '>>>', 2)",,,,,,,,,,,,
75,36.7485,41.4177,-0.0,0.0,10.8599,39.0955,10.8599,0.0,1.32198,0.0,0.46362,30.747,0,0,0,0,1.12427,0.0,"('>>', '>>>', 2)",,,,,,,,,,,,
76,37.761,42.5063,-0.0,0.0,10.9902,39.5646,10.9902,0.0,1.3031,0.0,0.45701,31.836,0,0,0,0,1.13804,0.0,"('>>', '>>>', 2)",,,,,,,,,,,,
77,38.7232,43.6079,-0.0,0.0,11.1186,40.0271,11.1186,0.0,1.2846,0.0,0.45049,32.937,0,0,0,0,1.15161,0.0,"('>>', '>>>', 2)",,,,,,,,,,,,
78,39.7924,44.7223,-0.0,0.0,11.2453,40.4829,11.2453,0.0,1.26629,0.0,0.44407,34.052,0,0,0,0,1.16499,0.0,"('>>', '>>>', 2)",,,,,,,,,,,,
79,40.3659,45.8493,-0.0,0.0,11.3701,40.9323,11.3701,0.0,1.24817,-0.0,0.43774,35.179,0,0,0,0,1.17818,0.0,"('>>', '>>>', 2)",,,,,,,,,,,,
80,40.6301,46.9888,-0.0,0.0,11.4931,41.3752,11.4931,0.0,1.23043,-0.0,0.4315,36.318,0,0,0,0,1.19118,0.0,"('>>', '>>>', 2)",,,,,,,,,,,,
81,41.6065,48.1405,-0.0,0.0,11.6144,41.8118,11.6144,0.0,1.21288,-0.0,0.42534,37.47,0,0,0,0,1.20399,0.0,"('>>', '>>>', 2)",,,,,,,,,,,,
82,42.6458,49.3043,-0.0,0.0,11.734,42.2422,11.734,0.0,1.19553,-0.0,0.41928,38.634,0,0,0,0,1.21663,0.0,"('>>', '>>>', 2)",,,,,,,,,,,,
83,43.5297,50.48,-0.0,0.0,11.8518,42.6665,11.8518,0.0,1.17855,-0.0,0.4133,39.81,1,0,0,0,1.22908,0.0,"('>>>', '1S0_0_', 2)",,,,,,,,,,,,
84,44.3679,51.6675,-0.0,0.0,11.968,43.0848,11.968,0.0,1.16177,-0.0,0.40741,40.997,1,0,0,0,1.24135,0.0,"('>>>', '1S0_0_', 2)",,,,,,,,,,,,
85,44.9265,52.8666,-0.0,0.0,12.0825,43.497,12.0825,0.0,1.14517,0.0,0.4016,42.196,1,0,0,0,1.25346,0.0,"('>>>', '1S0_0_', 2)",,,,,,,,,,,,
86,45.1766,54.0771,-0.0,0.0,12.1954,43.9034,12.1954,0.0,1.12877,-0.0,0.39587,43.407,1,0,0,0,1.26538,0.0,"('>>>', '1S0_0_', 2)",,,,,,,,,,,,
87,45.5942,55.2989,-0.0,0.0,12.3067,44.304,12.3067,0.0,1.11275,-0.0,0.39023,44.628,1,0,0,0,1.27714,0.0,"('>>>', '1S0_0_', 2)",,,,,,,,,,,,
88,46.3078,56.5277,0.0007,0.022,12.2468,44.0884,12.2468,0.0225,-0.5987,0.00466,-0.02882,45.857,1,0,0,0,1.28389,0.0,"('>>>', '1S0_0_', 2)",,,,,,,,,,,,
89,46.6355,57.7511,0.0046,0.135,12.1844,43.8638,12.1841,0.0815,-0.62408,0.01333,-0.0299,47.081,1,0,0,0,1.27824,0.0,"('>>>', '1S0_0_', 2)",,,,,,,,,,,,
90,47.6733,58.9682,0.0149,0.392,12.1201,43.6324,12.1189,0.1721,-0.64267,0.0218,-0.03063,48.298,1,0,0,0,1.27163,0.0,"('>>>', '1S0_0_', 2)",,,,,,,,,,,,
91,47.9993,60.1787,0.035,0.805,12.0548,43.3974,12.0513,0.2932,-0.65265,0.02989,-0.03093,49.508,1,0,0,0,1.26477,0.0,"('>>>', '1S0_0_', 2)",,,,,,,,,,,,
92,48.2474,61.3824,0.0675,1.364,11.9908,43.1668,11.9828,0.4368,-0.64056,0.03664,-0.03022,50.713,1,0,0,0,1.25771,0.0,"('>>>', '1S0_0_', 2)",,,,,,,,,,,,
93,49.5355,62.5794,0.1146,2.043,11.9309,42.9511,11.9159,0.5964,-0.59932,0.04135,-0.02818,51.91,1,0,0,0,1.25065,0.0,"('>>>', '1S0_0_', 2)",,,,,,,,,,,,
94,50.3736,63.7695,0.164,2.366,11.8432,42.6356,11.8396,0.2939,-0.87637,-0.05989,-0.03616,53.102,1,0,0,0,1.24337,0.0,"('>>>', '1S0_0_', 2)",,,,,,,,,,,,
95,50.8545,64.9523,0.1895,1.645,11.7799,42.4076,11.7795,0.0922,-0.63325,-0.05958,-0.02864,54.285,1,0,0,0,1.23583,0.0,"('>>>', '1S0_0_', 2)",,,,,,,,,,,,
96,51.5201,66.1305,0.1999,0.805,11.7816,42.4138,11.7815,0.0532,0.01729,-0.02169,0.00316,55.463,1,0,0,0,1.23126,0.0,"('>>>', '1S0_0_', 2)",,,,,,,,,,,,
97,52.6995,67.3086,0.2092,0.468,11.7811,42.412,11.7801,0.1528,-0.00525,0.01858,0.00519,56.641,1,0,0,0,1.23109,0.0,"('>>>', '1S0_0_', 2)",,,,,,,,,,,,
98,52.9942,68.4851,0.2313,0.819,11.7261,42.2139,11.7195,0.3934,-0.5501,0.05898,-0.02304,57.818,1,0,0,0,1.22926,0.0,"('>>>', '1S0_0_', 2)",,,,,,,,,,,,
99,53.304,69.655,0.2778,1.82,11.646,41.9256,11.6251,0.6983,-0.80084,0.08211,-0.03465,58.989,1,0,0,0,1.22228,0.0,"('>>>', '1S0_0_', 2)",,,,,,,,,,,,
100,54.2505,70.8175,0.3371,2.676,11.614,41.8104,11.607,0.4026,-0.32013,-0.05363,-0.00804,60.153,1,0,0,0,1.21473,0.0,"('>>>', '1S0_0_', 2)",,,,,,,,,,,,
101,55.3535,71.9772,0.3715,2.137,11.5673,41.6421,11.5663,0.1475,-0.46741,-0.07228,-0.01843,61.313,1,0,0,0,1.21183,0.0,"('>>>', '1S0_0_', 2)",,,,,,,,,,,,
102,55.9558,73.1341,0.3871,1.197,11.5723,41.6604,11.572,0.0897,0.05086,-0.03117,0.01424,62.47,1,0,0,0,1.20899,0.0,"('>>>', '1S0_0_', 2)",,,,,,,,,,,,
103,56.2664,74.291,0.4039,0.846,11.5671,41.6417,11.5633,0.2989,-0.05197,0.04029,0.00744,63.627,1,0,0,0,1.2089,0.0,"('>>>', '1S0_0_', 2)",,,,,,,,,,,,
104,56.639,75.4452,0.443,1.512,11.4981,41.3933,11.4801,0.6434,-0.69009,0.08924,-0.0264,64.782,1,0,0,0,1.20597,0.0,"('>>>', '1S0_0_', 2)",,,,,,,,,,,,
105,57.4609,76.5907,0.5163,2.982,11.4097,41.0751,11.3624,1.038,-0.88392,0.1118,-0.03644,65.93,1,0,0,0,1.19681,0.0,"('>>>', '1S0_0_', 2)",,,,,,,,,,,,
106,58.7324,77.7269,0.6098,4.284,11.3613,40.9008,11.3405,0.6877,-0.48404,-0.08437,-0.00987,67.07,1,0,0,0,1.18732,0.0,"('>>>', '1S0_0_', 2)",,,,,,,,,,,,
107,60.3097,78.8611,0.6758,3.839,11.3568,40.8845,11.3459,0.4969,-0.04541,-0.06676,0.00649,68.206,1,0,0,0,1.18533,0.0,"('>>>', '1S0_0_', 2)",,,,,,,,,,,,
108,60.8267,79.9959,0.7244,2.923,11.3637,40.9094,11.3571,0.3872,0.06925,-0.04329,0.0233,69.342,1,1,0,0,1.18596,0.0,"('>>>', '1S0_0_', 2)",,,,,,,,,,,,
109,61.9132,81.1314,0.7701,2.422,11.3678,40.9243,11.3541,0.5592,0.04126,0.02885,0.03283,70.478,1,1,0,0,1.18659,0.0,"('>>>', '1S0_0_', 2)",,,,,,,,,,,,
110,62.9362,82.2646,0.8365,2.952,11.3101,40.7164,11.2703,0.9477,-0.57726,0.10132,-0.01825,71.613,1,1,0,0,1.18414,0.0,"('>>>', '1S0_0_', 2)",,,,,,,,,,,,
111,63.9446,83.3882,0.9423,4.563,11.2093,40.3535,11.1189,1.4206,-1.00814,0.13688,-0.03833,72.742,1,1,0,0,1.17403,0.0,"('>>>', '1S0_0_', 2)",,,,,,,,,,,,
112,64.8457,84.5004,1.0741,6.159,11.1594,40.1738,11.1072,1.0785,-0.4991,-0.10298,-0.0062,73.862,1,1,0,0,1.16241,0.0,"('>>>', '1S0_0_', 2)",,,,,,,,,,,,
113,65.8364,85.6114,1.1756,5.771,11.1453,40.1231,11.1182,0.7772,-0.14102,-0.09247,0.00532,74.977,1,1,0,0,1.16114,0.0,"('>>>', '1S0_0_', 2)",,,,,,,,,,,,
114,66.6269,86.7233,1.2571,4.753,11.1621,40.1837,11.1336,0.7974,0.16831,-0.02187,0.05592,76.092,1,1,0,0,1.16221,0.0,"('>>>', '1S0_0_', 2)",,,,,,,,,,,,
115,67.7119,87.8355,1.3464,4.543,11.1539,40.154,11.0998,1.097,-0.08227,0.06657,0.02322,77.208,1,1,0,0,1.16238,0.0,"('>>>', '1S0_0_', 2)",,,,,,,,,,,,
116,68.7353,88.9429,1.4667,5.557,11.0986,39.955,10.9927,1.5295,-0.55298,0.12321,-0.01574,78.322,1,1,0,0,1.15727,0.0,"('>>>', '1S0_0_', 2)",,,,,,,,,,,,
117,69.7272,90.0394,1.6291,7.467,11.04,39.7439,10.8634,1.9667,-0.58628,0.1373,-0.02099,79.43,1,1,0,0,1.14622,0.0,"('>>>', '1S0_0_', 2)",,,,,,,,,,,,
118,70.2703,91.1268,1.8163,9.152,11.014,39.6504,10.8892,1.6536,-0.25977,-0.22026,0.29382,80.534,2,1,0,0,1.13697,0.0,"('>>>', '1S0_0_', 1)",,,,,,,,,,,,
119,70.5826,92.2163,1.9733,8.794,10.9905,39.5659,10.9251,1.1976,-0.23476,-0.24924,0.27483,81.634,2,1,0,0,1.13893,0.0,"('>>>', '1S0_0_', 1)",,,,,,,,,,,,
120,71.6816,93.3098,2.0812,6.847,10.9897,39.5629,10.974,0.5865,-0.00837,-0.24667,0.2778,82.733,2,1,0,0,1.14297,0.0,"('>>>', '1S0_0_', 1)",,,,,,,,,,,,
121,72.24,94.4083,2.1264,3.877,11.0232,39.6835,11.0227,-0.1031,0.33508,-0.22926,0.29003,83.833,2,1,0,0,1.14814,0.0,"('>>>', '1S0_0_', 1)",,,,,,,,,,,,
122,72.5037,95.5121,2.1058,0.433,11.1007,39.9627,11.0792,-0.6914,0.77554,-0.19241,0.31415,84.937,2,1,0,0,1.15371,0.0,"('>>>', '1S0_0_', 1)",,,,,,,,,,,,
123,72.9534,96.6218,2.0304,-2.751,11.2017,40.3262,11.1447,-1.129,1.00964,-0.14271,0.34506,86.049,2,1,0,0,1.16011,0.0,"('>>>', '1S0_0_', 1)",,,,,,,,,,,,
124,74.0084,97.7369,1.9247,-4.893,11.2207,40.3946,11.1846,-0.8998,0.19007,0.1375,0.34366,87.169,2,1,0,0,1.16559,0.0,"('>>>', '1S0_0_', 1)",,,,,,,,,,,,
125,74.5053,98.8561,1.8424,-4.779,11.2408,40.4669,11.2309,-0.4718,0.20097,0.17219,0.31843,88.291,2,1,0,0,1.16979,0.0,"('>>>', '1S0_0_', 1)",,,,,,,,,,,,
126,74.8311,99.9804,1.8067,-2.946,11.2953,40.663,11.2949,0.0957,0.54476,0.17129,0.31806,89.416,2,1,0,0,1.17519,0.0,"('>>>', '1S0_0_', 1)",,,,,,,,,,,,
127,75.7614,101.1116,1.8244,-0.312,11.3808,40.9707,11.367,0.5603,0.8547,0.15002,0.33022,90.547,2,1,0,0,1.18233,0.0,"('>>>', '1S0_0_', 1)",,,,,,,,,,,,
128,76.2119,102.2501,1.8856,2.208,11.4823,41.3362,11.4456,0.9172,1.0152,0.11228,0.35237,91.688,2,1,0,0,1.19025,0.0,"('>>>', '1S0_0_', 1)",,,,,,,,,,,,
129,76.5062,103.3968,1.9801,4.191,11.5923,41.7322,11.5341,1.1599,1.10002,0.07194,0.37552,92.838,2,1,0,0,1.19879,0.0,"('>>>', '1S0_0_', 1)",,,,,,,,,,,,
130,77.0043,104.5525,2.0963,5.493,11.7079,42.1484,11.6392,1.2665,1.15618,0.03092,0.39874,94.0,2,1,0,0,1.20846,0.0,"('>>>', '1S0_0_', 1)",,,,,,,,,,,,
131,78.1359,105.719,2.2217,6.117,11.8259,42.5731,11.7567,1.2773,1.17954,0.00131,0.41369,95.173,2,1,0,0,1.21965,0.0,"('>>>', '1S0_0_', 1)",,,,,,,,,,,,
132,79.1752,106.8971,2.3476,6.211,11.9381,42.9772,11.8749,1.2263,1.12245,-0.01695,0.39684,96.358,2,1,0,0,1.23182,0.0,"('>>>', '1S0_0_', 1)",,,,,,,,,,,,
133,79.8588,108.0869,2.4683,5.959,12.0472,43.3697,11.9924,1.1473,1.09053,-0.02507,0.38555,97.554,3,1,0,0,1.24407,0.0,"('1S0_0_', '2S0_0_', 1)",,,,,,,,,,,,
134,80.7905,109.2885,2.581,5.526,12.1543,43.7554,12.1085,1.0537,1.07136,-0.02786,0.37814,98.761,3,1,0,0,1.25625,0.0,"('1S0_0_', '2S0_0_', 1)",,,,,,,,,,,,
135,81.4245,110.5016,2.6845,5.02,12.2602,44.1366,12.2229,0.9556,1.0588,-0.02752,0.37302,99.978,3,1,0,0,1.26831,0.0,"('1S0_0_', '2S0_0_', 1)",,,,,,,,,,,,
136,82.2436,111.7262,2.778,4.496,12.3646,44.5124,12.3352,0.851,1.04388,-0.02745,0.36778,101.206,3,0,0,0,1.28018,0.0,"('1S0_0_', '2S0_0_', 1)",,,,,,,,,,,,
137,82.9443,112.9619,2.8612,3.975,12.468,44.8849,12.4453,0.753,1.03478,-0.02536,0.36402,102.445,3,0,0,0,1.29182,0.0,"('1S0_0_', '2S0_0_', 1)",,,,,,,,,,,,
138,83.1921,114.2086,2.9349,3.485,12.5707,45.2546,12.5532,0.664,1.02685,-0.02252,0.36084,103.694,3,0,0,0,1.30325,0.0,"('1S0_0_', '2S0_0_', 1)",,,,,,,,,,,,
139,83.6419,115.466,3.0,3.046,12.6727,45.6219,12.6591,0.5877,1.02029,-0.01899,0.35817,104.953,3,0,0,0,1.31445,0.0,"('1S0_0_', '2S0_0_', 1)",,,,,,,,,,,,
140,84.7902,116.734,3.0576,2.669,12.774,45.9865,12.7633,0.5234,1.01279,-0.0157,0.35538,106.222,3,0,0,0,1.32547,0.0,"('1S0_0_', '2S0_0_', 1)",,,,,,,,,,,,
141,86.2322,118.0124,3.1089,2.347,12.8742,46.347,12.8658,0.4638,1.00152,-0.014,0.3515,107.501,3,0,0,0,1.33632,0.0,"('1S0_0_', '2S0_0_', 1)",,,,,,,,,,,,
142,87.5349,119.301,3.1543,2.063,12.9733,46.7038,12.9668,0.4114,0.99106,-0.01219,0.34776,108.791,3,0,0,0,1.34698,0.0,"('1S0_0_', '2S0_0_', 1)",,,,,,,,,,,,
143,88.9159,120.5996,3.1946,1.814,13.0713,47.0566,13.0662,0.3644,0.98002,-0.01068,0.34386,110.09,3,0,0,0,1.35749,0.0,"('1S0_0_', '2S0_0_', 1)",,,,,,,,,,,,
144,89.8777,121.9082,3.2303,1.594,13.1682,47.4054,13.1642,0.3229,0.96892,-0.00932,0.33991,111.399,3,0,0,0,1.36783,0.0,"('1S0_0_', '2S0_0_', 1)",,,,,,,,,,,,
145,90.6694,123.2265,3.2619,1.402,13.264,47.7504,13.2609,0.288,0.95827,-0.0078,0.33613,112.718,3,0,0,0,1.37804,0.0,"('1S0_0_', '2S0_0_', 1)",,,,,,,,,,,,
146,92.0033,124.5545,3.2901,1.236,13.3586,48.091,13.3562,0.2552,0.94598,-0.00707,0.33185,114.046,3,0,0,0,1.38811,0.0,"('1S0_0_', '2S0_0_', 1)",,,,,,,,,,,,
147,93.3068,125.892,3.3151,1.09,13.4521,48.4275,13.4502,0.2274,0.93476,-0.00599,0.32788,115.384,3,0,0,0,1.39802,0.0,"('1S0_0_', '2S0_0_', 1)",,,,,,,,,,,,
148,94.8258,127.2389,3.3374,0.961,13.5443,48.7596,13.5428,0.2014,0.92253,-0.00545,0.32358,116.731,3,0,0,0,1.40782,0.0,"('1S0_0_', '2S0_0_', 1)",,,,,,,,,,,,
149,95.8807,128.595,3.3571,0.845,13.6354,49.0874,13.6342,0.178,0.91066,-0.00485,0.31939,118.087,3,0,0,0,1.41748,0.0,"('1S0_0_', '2S0_0_', 1)",,,,,,,,,,,,
150,96.3314,129.9603,3.3745,0.742,13.7253,49.411,13.7244,0.1572,0.89887,-0.00427,0.31524,119.453,3,0,0,0,1.427,0.0,"('1S0_0_', '2S0_0_', 1)",,,,,,,,,,,,
151,96.6417,131.3345,3.3899,0.649,13.814,49.7303,13.8133,0.138,0.88689,-0.00385,0.31104,120.827,3,0,0,0,1.43637,0.0,"('1S0_0_', '2S0_0_', 1)",,,,,,,,,,,,
152,97.8206,132.7175,3.4034,0.567,13.9015,50.0455,13.901,0.1219,0.87545,-0.00322,0.30705,122.21,3,0,0,0,1.44561,0.0,"('1S0_0_', '2S0_0_', 1)",,,,,,,,,,,,
153,99.1544,134.1093,3.4153,0.496,13.9879,50.3564,13.9875,0.1071,0.86374,-0.00287,0.30292,123.602,3,0,0,0,1.45476,0.0,"('1S0_0_', '2S0_0_', 1)",,,,,,,,,,,,
154,100.1472,135.5098,3.4258,0.433,14.0731,50.6632,14.0728,0.0944,0.85217,-0.00244,0.2989,125.002,3,0,0,0,1.46378,0.0,"('1S0_0_', '2S0_0_', 1)",,,,,,,,,,,,
155,100.8912,136.9187,3.435,0.379,14.1572,50.9659,14.1569,0.0832,0.84074,-0.00212,0.29486,126.411,3,0,0,0,1.47267,0.0,"('1S0_0_', '2S0_0_', 1)",,,,,,,,,,,,
156,101.8377,138.3361,3.4432,0.332,14.2401,51.2644,14.2399,0.0734,0.82933,-0.00184,0.29085,127.829,3,0,0,0,1.48144,0.0,"('1S0_0_', '2S0_0_', 1)",,,,,,,,,,,,
157,102.9224,139.7617,3.4503,0.29,14.3219,51.5588,14.3218,0.0643,0.81787,-0.00166,0.28683,129.254,3,0,0,0,1.49008,0.0,"('1S0_0_', '2S0_0_', 1)",,,,,,,,,,,,
158,103.6824,141.1955,3.4566,0.254,14.4026,51.8493,14.4025,0.0568,0.80678,-0.00138,0.28294,130.688,3,0,0,0,1.49859,0.0,"('1S0_0_', '2S0_0_', 1)",,,,,,,,,,,,
159,104.5513,142.6373,3.4622,0.222,14.4821,52.1357,14.482,0.0498,0.79554,-0.00125,0.279,132.13,3,0,0,0,1.50699,0.0,"('1S0_0_', '2S0_0_', 1)",,,,,,,,,,,,
160,105.3274,144.0871,3.467,0.194,14.5606,52.4181,14.5605,0.0437,0.78448,-0.0011,0.27513,133.58,3,0,0,0,1.51529,0.0,"('1S0_0_', '2S0_0_', 1)",,,,,,,,,,,,
161,106.1362,145.5447,3.4713,0.169,14.6379,52.6966,14.6379,0.0382,0.77366,-0.00096,0.2713,135.037,3,0,0,0,1.52347,0.0,"('1S0_0_', '2S0_0_', 1)",,,,,,,,,,,,
162,107.1908,147.01,3.475,0.147,14.7142,52.9713,14.7142,0.0335,0.76299,-0.00082,0.26753,136.503,3,0,0,0,1.53152,0.0,"('1S0_0_', '2S0_0_', 1)",,,,,,,,,,,,
163,107.7935,148.4829,3.4783,0.128,14.7895,53.242,14.7894,0.0292,0.75205,-0.00074,0.26377,137.976,3,0,0,0,1.53947,0.0,"('1S0_0_', '2S0_0_', 1)",,,,,,,,,,,,
164,108.0574,149.9633,3.4812,0.111,14.8636,53.509,14.8636,0.0256,0.7417,-0.0006,0.2601,139.456,3,0,0,0,1.54731,0.0,"('1S0_0_', '2S0_0_', 1)",,,,,,,,,,,,
165,109.188,151.4512,3.4837,0.096,14.9367,53.7723,14.9367,0.0224,0.73122,-0.00054,0.25644,140.944,3,0,0,0,1.55504,0.0,"('1S0_0_', '2S0_0_', 1)",,,,,,,,,,,,
166,110.6776,152.9463,3.4858,0.084,15.0088,54.0318,15.0088,0.0194,0.72094,-0.00048,0.25282,142.439,3,0,0,0,1.56267,0.0,"('1S0_0_', '2S0_0_', 1)",,,,,,,,,,,,
167,111.3449,154.4486,3.4877,0.072,15.0799,54.2877,15.0799,0.0169,0.71084,-0.00042,0.24927,143.941,3,0,0,0,1.57015,0.0,"('1S0_0_', '2S0_0_', 1)",,,,,,,,,,,,
168,112.0726,155.958,3.4894,0.062,15.15,54.54,15.15,0.0145,0.70074,-0.00038,0.24574,145.451,3,0,0,0,1.57757,0.0,"('1S0_0_', '2S0_0_', 1)",,,,,,,,,,,,
169,112.5847,157.4744,3.4908,0.054,15.2191,54.7887,15.2191,0.0126,0.69082,-0.00031,0.24228,146.967,3,0,0,0,1.58487,0.0,"('1S0_0_', '2S0_0_', 1)",,,,,,,,,,,,
170,112.8485,158.9977,3.492,0.046,15.2872,55.0339,15.2872,0.0109,0.6811,-0.00027,0.23886,148.49,3,0,0,0,1.59208,0.0,"('1S0_0_', '2S0_0_', 1)",,,,,,,,,,,,
171,113.7017,160.5277,3.4931,0.04,15.3543,55.2756,15.3543,0.0094,0.67138,-0.00023,0.23548,150.02,3,0,0,0,1.59914,0.0,"('1S0_0_', '2S0_0_', 1)",,,,,,,,,,,,
172,115.0364,162.046,3.4829,-0.314,14.6853,52.8672,14.6773,-0.4861,-6.68999,-0.31037,-0.49678,151.539,3,0,0,0,1.58435,0.0,"('1S0_0_', '2S0_0_', 1)",,,,,,,,,,,,
173,116.1535,163.5005,3.4221,-1.93,14.0499,50.5795,14.0049,-1.1236,-6.35462,-0.40558,-0.50768,152.994,3,0,0,0,1.51772,0.0,"('1S0_0_', '2S0_0_', 1)",,,,,,,,,,,,
174,116.4789,164.887,3.2953,-4.627,13.4259,48.3334,13.2979,-1.8497,-6.23929,-0.44808,-0.48448,154.387,3,0,0,0,1.44692,0.0,"('1S0_0_', '2S0_0_', 1)",,,,,,,,,,,,
175,116.849,166.2037,3.0958,-8.068,12.8946,46.4206,12.6383,-2.558,-5.3133,-0.43302,-0.42194,155.718,3,1,0,0,1.37472,0.0,"('1S0_0_', '2S0_0_', 1)",,,,,,,,,,,,
176,117.9965,167.4563,2.8256,-11.879,12.4893,44.9615,12.0553,-3.2637,-4.05312,-0.3432,-0.31479,157.0,3,1,0,0,1.30887,0.0,"('1S0_0_', '2S0_0_', 1)",,,,,,,,,,,,
177,118.5109,168.6512,2.4845,-15.87,12.1688,43.8077,11.4976,-3.9855,-3.20487,-0.22025,-0.19495,158.243,3,1,0,0,1.24968,0.0,"('1S0_0_', '2S0_0_', 1)",,,,,,,,,,,,
178,119.0164,169.803,2.0916,-19.283,12.1135,43.6085,11.4087,-4.0717,-0.5532,-0.03107,-0.03582,159.459,3,1,0,0,1.20629,0.0,"('1S0_0_', '2S0_0_', 1)",,,,,,,,,,,,
179,120.2082,170.9419,1.6904,-20.551,11.9229,42.9223,11.2936,-3.8221,-1.90633,0.1121,-0.08793,160.667,4,1,0,0,1.19249,0.0,"('1S0_0_', '2S0_0_', 2)",,,,,,,,,,,,
180,120.5586,172.0685,1.3194,-19.365,11.6276,41.8594,11.1696,-3.2313,-2.95236,0.21575,-0.1446,161.853,4,1,0,0,1.17894,0.0,"('1S0_0_', '2S0_0_', 2)",,,,,,,,,,,,
181,121.2673,173.1833,1.0113,-16.703,11.3258,40.7729,11.0557,-2.4588,-3.01807,0.2507,-0.14446,163.01,4,1,0,0,1.16579,0.0,"('1S0_0_', '2S0_0_', 2)",,,,,,,,,,,,
182,122.7106,174.2873,0.7818,-13.139,11.0741,39.8668,10.9526,-1.6358,-2.51686,0.23942,-0.11141,164.137,4,1,0,0,1.15379,0.0,"('1S0_0_', '2S0_0_', 2)",,,,,,,,,,,,
183,123.8731,175.3828,0.6237,-9.357,11.0056,39.6203,10.9446,-1.1571,-0.68489,0.16319,-0.03708,165.244,4,0,0,0,1.14509,0.0,"('1S0_0_', '2S0_0_', 2)",,,,,,,,,,,,
184,125.0611,176.4808,0.5125,-6.394,11.1164,40.0191,11.0878,-0.7968,1.10778,0.10885,0.37352,166.348,4,0,0,0,1.14797,0.0,"('1S0_0_', '2S0_0_', 2)",,,,,,,,,,,,
185,126.0357,177.5922,0.4355,-4.381,11.233,40.4389,11.2185,-0.5705,1.16605,0.06821,0.39643,167.462,4,0,0,0,1.16194,0.0,"('1S0_0_', '2S0_0_', 2)",,,,,,,,,,,,
186,126.9221,178.7165,0.3799,-3.086,11.3514,40.8649,11.343,-0.4347,1.18351,0.04131,0.40944,168.588,4,0,0,0,1.17543,0.0,"('1S0_0_', '2S0_0_', 2)",,,,,,,,,,,,
187,127.7068,179.8533,0.3374,-2.28,11.4704,41.2933,11.4651,-0.3486,1.18991,0.02472,0.41512,169.725,4,0,0,0,1.18837,0.0,"('1S0_0_', '2S0_0_', 2)",,,,,,,,,,,,
188,128.6201,181.0022,0.3031,-1.788,11.5893,41.7215,11.5855,-0.2959,1.18933,0.0146,0.41626,170.874,5,0,0,0,1.20106,0.0,"('2S0_0_', '3r0_0_', 2)",,,,,,,,,,,,
189,129.4944,182.1631,0.2739,-1.491,11.7076,42.1472,11.7045,-0.2653,1.18261,0.00872,0.41443,172.036,5,0,0,0,1.21362,0.0,"('2S0_0_', '3r0_0_', 2)",,,,,,,,,,,,
190,130.7018,183.3305,0.2448,-1.403,11.6029,41.7704,11.5981,-0.3347,-1.04668,-0.01508,-0.05,173.204,5,0,0,0,1.2196,0.0,"('2S0_0_', '3r0_0_', 2)",,,,,,,,,,,,
191,132.2975,184.4882,0.2109,-1.568,11.499,41.3964,11.4932,-0.3648,-1.03884,-0.01193,-0.05,174.362,5,0,0,0,1.20945,0.0,"('2S0_0_', '3r0_0_', 2)",,,,,,,,,,,,
192,132.6756,185.6354,0.175,-1.731,11.3952,41.0228,11.3896,-0.3584,-1.03774,-0.00231,-0.05,175.51,5,0,0,0,1.19853,0.0,"('2S0_0_', '3r0_0_', 2)",,,,,,,,,,,,
193,133.057,186.7724,0.1405,-1.761,11.2912,40.6485,11.2867,-0.3202,-1.03991,0.00759,-0.05,176.647,5,0,0,0,1.18774,0.0,"('2S0_0_', '3r0_0_', 2)",,,,,,,,,,,,
194,134.1377,187.899,0.1099,-1.639,11.1871,40.2737,11.184,-0.2658,-1.04096,0.01434,-0.05,177.774,5,0,0,0,1.17697,0.0,"('2S0_0_', '3r0_0_', 2)",,,,,,,,,,,,
195,134.8007,189.0153,0.0846,-1.409,11.0831,39.8992,11.0812,-0.2065,-1.04042,0.01703,-0.05,178.891,5,0,0,0,1.16621,0.0,"('2S0_0_', '3r0_0_', 2)",,,,,,,,,,,,
196,135.415,190.1214,0.065,-1.131,10.9792,39.5251,10.9781,-0.1525,-1.03901,0.01636,-0.05,179.997,5,0,0,0,1.15544,0.0,"('2S0_0_', '3r0_0_', 2)",,,,,,,,,,,,
197,136.6622,191.2171,0.0505,-0.86,10.8754,39.1514,10.8748,-0.1092,-1.03803,0.01365,-0.05,181.093,5,0,0,0,1.14467,0.0,"('2S0_0_', '3r0_0_', 2)",,,,,,,,,,,,
198,136.9606,192.3025,0.04,-0.631,10.7716,38.7779,10.7714,-0.0779,-1.0376,0.01021,-0.05,182.178,5,0,0,0,1.13391,0.0,"('2S0_0_', '3r0_0_', 2)",,,,,,,,,,,,
199,138.2839,193.3776,0.0325,-0.457,10.6679,38.4044,10.6677,-0.0572,-1.03754,0.00696,-0.05,183.253,5,0,0,0,1.12306,0.0,"('2S0_0_', '3r0_0_', 2)",,,,,,,,,,,,
200,139.5627,194.4423,0.0269,-0.336,10.5641,38.0308,10.564,-0.0444,-1.03763,0.00442,-0.05,184.318,5,0,0,0,1.11224,0.0,"('2S0_0_', '3r0_0_', 2)",,,,,,,,,,,,
201,140.5258,195.4966,0.0226,-0.257,10.4603,37.6573,10.4603,-0.0362,-1.03771,0.00271,-0.05,185.372,5,0,0,0,1.10139,0.0,"('2S0_0_', '3r0_0_', 2)",,,,,,,,,,,,
202,141.908,196.5406,0.019,-0.207,10.3566,37.2837,10.3565,-0.0307,-1.03777,0.00172,-0.05,186.416,5,0,0,0,1.09057,0.0,"('2S0_0_', '3r0_0_', 2)",,,,,,,,,,,,
203,143.1981,197.5742,0.016,-0.176,10.2528,36.91,10.2528,-0.0266,-1.0378,0.00125,-0.05,187.45,5,0,0,0,1.07972,0.0,"('2S0_0_', '3r0_0_', 2)",,,,,,,,,,,,
204,144.1825,198.5974,0.0134,-0.153,10.149,36.5364,10.149,-0.0231,-1.03779,0.00108,-0.05,188.473,5,0,0,0,1.06886,0.0,"('2S0_0_', '3r0_0_', 2)",,,,,,,,,,,,
205,144.7938,199.6102,0.0112,-0.135,10.0452,36.1628,10.0452,-0.0199,-1.03785,0.00104,-0.05,189.486,5,0,0,0,1.05802,0.0,"('2S0_0_', '3r0_0_', 2)",,,,,,,,,,,,
206,146.0091,200.6126,0.0092,-0.118,9.9414,35.7892,9.9414,-0.0168,-1.03784,0.00102,-0.05,190.488,5,0,0,0,1.04718,0.0,"('2S0_0_', '3r0_0_', 2)",,,,,,,,,,,,
207,146.6491,201.6047,0.0076,-0.102,9.8377,35.4156,9.8376,-0.0139,-1.03783,0.00099,-0.05,191.48,5,0,0,0,1.03633,0.0,"('2S0_0_', '3r0_0_', 2)",,,,,,,,,,,,
208,147.1298,202.5922,0.0036,-0.173,9.9772,35.9181,9.9768,-0.0977,1.39586,-0.02154,0.49304,192.468,5,0,0,0,1.03242,0.0,"('2S0_0_', '3r0_0_', 2)",,,,,,,,,,,,
209,148.3869,203.5926,-0.0071,-0.432,10.1162,36.4183,10.1151,-0.1469,1.38944,-0.01896,0.48787,193.468,5,0,0,0,1.04597,0.0,"('2S0_0_', '3r0_0_', 2)",,,,,,,,,,,,
210,148.8983,204.6069,-0.0221,-0.704,10.2544,36.916,10.2529,-0.1788,1.38261,-0.0135,0.48474,194.483,5,0,0,0,1.06041,0.0,"('2S0_0_', '3r0_0_', 2)",,,,,,,,,,,,
211,149.2088,205.6349,-0.0402,-0.919,10.3917,37.4101,10.3897,-0.2012,1.37247,-0.00875,0.48115,195.511,5,0,0,0,1.07481,0.0,"('2S0_0_', '3r0_0_', 2)",,,,,,,,,,,,
212,150.3838,206.6766,-0.0605,-1.065,10.5278,37.9,10.5256,-0.2148,1.36095,-0.00463,0.47718,196.553,5,0,0,0,1.08906,0.0,"('2S0_0_', '3r0_0_', 2)",,,,,,,,,,,,
213,150.9774,207.7319,-0.0819,-1.146,10.6626,38.3853,10.6603,-0.2198,1.34791,-0.00136,0.47266,197.608,5,0,0,0,1.10323,0.0,"('2S0_0_', '3r0_0_', 2)",,,,,,,,,,,,
214,152.0806,208.8005,-0.1008,-1.08,10.7896,38.8427,10.7889,-0.1244,1.27061,0.02364,0.45033,198.677,5,0,0,0,1.11713,0.0,"('2S0_0_', '3r0_0_', 2)",,,,,,,,,,,,
215,152.7994,209.8819,-0.1119,-0.769,10.916,39.2974,10.9158,-0.0561,1.26312,0.02314,0.44432,199.759,5,0,0,0,1.13056,0.0,"('2S0_0_', '3r0_0_', 2)",,,,,,,,,,,,
216,153.942,210.976,-0.1167,-0.411,11.0417,39.7503,11.0417,-0.0034,1.25784,0.01852,0.44124,200.853,5,0,0,0,1.1438,0.0,"('2S0_0_', '3r0_0_', 2)",,,,,,,,,,,,
217,154.5676,212.0827,-0.1165,-0.1,11.1668,40.2004,11.1667,0.0372,1.25048,0.01362,0.43838,201.959,5,0,0,0,1.15692,0.0,"('2S0_0_', '3r0_0_', 2)",,,,,,,,,,,,
218,155.3763,213.2018,-0.1124,0.139,11.291,40.6475,11.2908,0.0657,1.24187,0.00901,0.43536,203.079,5,0,0,0,1.16997,0.0,"('2S0_0_', '3r0_0_', 2)",,,,,,,,,,,,
219,156.7455,214.3334,-0.1057,0.303,11.4141,41.0909,11.4138,0.083,1.23171,0.00518,0.43183,204.21,5,0,0,0,1.18291,0.0,"('2S0_0_', '3r0_0_', 2)",,,,,,,,,,,,
220,158.9126,215.4772,-0.0974,0.4,11.5362,41.5302,11.5358,0.09,1.22028,0.00201,0.42789,205.354,5,0,0,0,1.19571,0.0,"('2S0_0_', '3r0_0_', 2)",,,,,,,,,,,,
221,160.1232,216.6332,-0.0885,0.442,11.6568,41.9645,11.6565,0.09,1.2064,-0.00019,0.42306,206.51,5,0,0,0,1.20843,0.0,"('2S0_0_', '3r0_0_', 2)",,,,,,,,,,,,
222,161.2926,217.8012,-0.0797,0.445,11.7755,42.3917,11.7752,0.0858,1.18656,-0.00146,0.41614,207.678,5,0,0,0,1.221,0.0,"('2S0_0_', '3r0_0_', 2)",,,,,,,,,,,,
223,162.0497,218.981,-0.0712,0.423,11.8923,42.8124,11.8921,0.0797,1.16859,-0.00198,0.40984,208.858,5,0,0,0,1.23337,0.0,"('2S0_0_', '3r0_0_', 2)",,,,,,,,,,,,
224,163.1912,220.1725,-0.0634,0.389,12.0075,43.227,12.0073,0.0727,1.15166,-0.00211,0.4039,210.049,5,0,0,0,1.24555,0.0,"('2S0_0_', '3r0_0_', 2)",,,,,,,,,,,,
225,163.8207,221.3755,-0.0563,0.351,12.121,43.6357,12.1209,0.0655,1.1354,-0.00203,0.3982,211.252,5,0,0,0,1.25755,0.0,"('2S0_0_', '3r0_0_', 2)",,,,,,,,,,,,
226,165.4222,222.5899,-0.0499,0.312,12.233,44.0387,12.2328,0.0583,1.11942,-0.00196,0.39257,212.467,5,0,0,0,1.26936,0.0,"('2S0_0_', '3r0_0_', 2)",,,,,,,,,,,,
227,166.7486,223.8154,-0.0442,0.275,12.3434,44.4361,12.3432,0.0515,1.10376,-0.00178,0.3871,213.692,5,0,0,0,1.28104,0.0,"('2S0_0_', '3r0_0_', 2)",,,,,,,,,,,,
228,168.1313,225.0519,-0.0391,0.241,12.4522,44.8279,12.4521,0.0455,1.08851,-0.00157,0.38174,214.929,5,0,0,0,1.29255,0.0,"('2S0_0_', '3r0_0_', 2)",,,,,,,,,,,,
229,169.7652,226.2992,-0.0347,0.211,12.5596,45.2144,12.5595,0.0403,1.07346,-0.00132,0.37647,216.176,5,0,0,0,1.30388,0.0,"('2S0_0_', '3r0_0_', 2)",,,,,,,,,,,,
230,171.3874,227.5573,-0.0307,0.185,12.6654,45.5955,12.6654,0.036,1.05861,-0.00109,0.37126,217.434,5,0,0,0,1.31505,0.0,"('2S0_0_', '3r0_0_', 2)",,,,,,,,,,,,
231,173.2561,228.8259,-0.0272,0.163,12.7698,45.9712,12.7697,0.0319,1.04374,-0.00097,0.36605,218.703,5,0,0,0,1.32608,0.0,"('2S0_0_', '3r0_0_', 2)",,,,,,,,,,,,
232,174.329,230.1049,-0.0241,0.143,12.8727,46.3417,12.8727,0.0284,1.0292,-0.00084,0.36092,219.982,5,0,0,0,1.33698,0.0,"('2S0_0_', '3r0_0_', 2)",,,,,,,,,,,,
233,176.2996,231.3942,-0.0213,0.126,12.9742,46.707,12.9741,0.0252,1.01464,-0.00074,0.35585,221.271,5,0,0,0,1.34766,0.0,"('2S0_0_', '3r0_0_', 2)",,,,,,,,,,,,
234,178.2686,232.6936,-0.0188,0.111,13.0742,47.0671,13.0742,0.0224,1.00035,-0.00065,0.35084,222.571,5,0,0,0,1.35824,0.0,"('2S0_0_', '3r0_0_', 2)",,,,,,,,,,,,
235,179.7114,234.003,-0.0166,0.098,13.1728,47.4222,13.1728,0.02,0.98625,-0.00054,0.34591,223.88,5,0,0,0,1.36865,0.0,"('2S0_0_', '3r0_0_', 2)",,,,,,,,,,,,
236,180.8905,235.3222,-0.0147,0.086,13.2701,47.7722,13.2701,0.0177,0.97233,-0.00049,0.34101,225.199,5,0,0,0,1.37893,0.0,"('2S0_0_', '3r0_0_', 2)",,,,,,,,,,,,
237,181.7772,236.6511,-0.0129,0.076,13.3659,48.1173,13.3659,0.0158,0.95861,-0.00042,0.3362,226.528,5,0,0,0,1.38907,0.0,"('2S0_0_', '3r0_0_', 2)",,,,,,,,,,,,
238,182.9048,237.9896,-0.0114,0.067,13.4604,48.4576,13.4604,0.014,0.94507,-0.00038,0.33144,227.867,5,0,0,0,1.39906,0.0,"('2S0_0_', '3r0_0_', 2)",,,,,,,,,,,,
239,183.8534,239.3375,-0.01,0.059,13.5536,48.793,13.5536,0.0124,0.93172,-0.00034,0.32674,229.214,6,0,0,0,1.40889,0.0,"('3r0_0_', '3r0_1_', 2)",,,,,,,,,,,,
240,185.6662,240.6947,-0.0088,0.052,13.6455,49.1237,13.6455,0.0109,0.91857,-0.0003,0.32211,230.572,6,0,0,0,1.4186,0.0,"('3r0_0_', '3r0_1_', 2)",,,,,,,,,,,,
241,186.8063,242.0611,-0.0077,0.045,13.736,49.4496,13.736,0.0096,0.90541,-0.00027,0.31754,231.938,6,0,0,0,1.42816,0.0,"('3r0_0_', '3r0_1_', 2)",,,,,,,,,,,,
242,187.6247,243.4364,-0.0068,0.04,13.8253,49.7709,13.8253,0.0085,0.89263,-0.00023,0.31304,233.313,6,0,0,0,1.43758,0.0,"('3r0_0_', '3r0_1_', 2)",,,,,,,,,,,,
243,188.4371,244.8207,-0.006,0.035,13.9133,50.0878,13.9133,0.0075,0.88004,-0.0002,0.3086,234.698,6,0,0,0,1.44689,0.0,"('3r0_0_', '3r0_1_', 2)",,,,,,,,,,,,
244,190.6657,246.2138,-0.0052,0.03,14.0,50.4001,14.0,0.0066,0.86746,-0.00017,0.30422,236.091,6,0,0,0,1.45605,0.0,"('3r0_0_', '3r0_1_', 2)",,,,,,,,,,,,
245,191.9109,247.6155,-0.0046,0.027,14.0855,50.7079,14.0855,0.0058,0.85506,-0.00015,0.2999,237.492,6,0,0,0,1.46509,0.0,"('3r0_0_', '3r0_1_', 2)",,,,,,,,,,,,
246,192.6755,249.0257,-0.004,0.023,14.1698,51.0114,14.1698,0.0051,0.84305,-0.00013,0.29563,238.903,6,0,0,0,1.47398,0.0,"('3r0_0_', '3r0_1_', 2)",,,,,,,,,,,,
247,194.3735,250.4443,-0.0035,0.02,14.2529,51.3105,14.2529,0.0045,0.83103,-0.00012,0.29143,240.321,6,0,0,0,1.48278,0.0,"('3r0_0_', '3r0_1_', 2)",,,,,,,,,,,,
248,195.9749,251.8713,-0.0031,0.018,14.3348,51.6055,14.3348,0.004,0.8192,-0.0001,0.28729,241.748,6,0,0,0,1.49145,0.0,"('3r0_0_', '3r0_1_', 2)",,,,,,,,,,,,
249,197.2685,253.3063,-0.0027,0.016,14.4156,51.8962,14.4156,0.0035,0.80757,-9e-05,0.2832,243.183,6,0,0,0,1.49994,0.0,"('3r0_0_', '3r0_1_', 2)",,,,,,,,,,,,
250,198.5654,254.7495,-0.0023,0.014,14.4952,52.1828,14.4952,0.0031,0.79613,-8e-05,0.27917,244.626,6,0,0,0,1.50839,0.0,"('3r0_0_', '3r0_1_', 2)",,,,,,,,,,,,
251,199.5719,256.2006,-0.002,0.012,14.5737,52.4653,14.5737,0.0027,0.78468,-7e-05,0.27519,246.078,6,0,0,0,1.51665,0.0,"('3r0_0_', '3r0_1_', 2)",,,,,,,,,,,,
252,201.0837,257.6595,-0.0018,0.01,14.651,52.7438,14.651,0.0024,0.77362,-6e-05,0.27128,247.536,6,0,0,0,1.52482,0.0,"('3r0_0_', '3r0_1_', 2)",,,,,,,,,,,,
253,202.2877,259.1261,-0.0015,0.009,14.7273,53.0183,14.7273,0.0021,0.76256,-5e-05,0.26741,249.003,6,0,0,0,1.53295,0.0,"('3r0_0_', '3r0_1_', 2)",,,,,,,,,,,,
254,202.9593,260.6004,-0.0013,0.008,14.8025,53.2889,14.8025,0.0018,0.75169,-4e-05,0.2636,250.477,6,0,0,0,1.54085,0.0,"('3r0_0_', '3r0_1_', 2)",,,,,,,,,,,,
255,203.9493,262.0821,-0.0012,0.007,14.8766,53.5557,14.8766,0.0016,0.741,-4e-05,0.25985,251.959,6,0,0,0,1.54866,0.0,"('3r0_0_', '3r0_1_', 2)",,,,,,,,,,,,
256,205.9874,263.5712,-0.001,0.006,14.9496,53.8186,14.9496,0.0014,0.73032,-3e-05,0.25615,253.448,6,0,0,0,1.55641,0.0,"('3r0_0_', '3r0_1_', 2)",,,,,,,,,,,,
257,207.6082,265.0676,-0.0009,0.005,15.0216,54.0778,15.0216,0.0012,0.72002,-3e-05,0.2525,254.945,6,0,0,0,1.564,0.0,"('3r0_0_', '3r0_1_', 2)",,,,,,,,,,,,
258,209.1722,266.5712,-0.0008,0.004,15.0926,54.3333,15.0926,0.001,0.70972,-3e-05,0.2489,256.448,6,0,0,0,1.57149,0.0,"('3r0_0_', '3r0_1_', 2)",,,,,,,,,,,,
259,210.7201,268.0818,-0.0007,0.004,15.1625,54.5851,15.1625,0.0009,0.69962,-2e-05,0.24536,257.959,6,0,0,0,1.57888,0.0,"('3r0_0_', '3r0_1_', 2)",,,,,,,,,,,,
260,211.948,269.5995,-0.0006,0.003,15.2315,54.8334,15.2315,0.0008,0.6897,-2e-05,0.24186,259.476,6,0,0,0,1.58618,0.0,"('3r0_0_', '3r0_1_', 2)",,,,,,,,,,,,
261,212.8154,271.124,-0.0005,0.003,15.2995,55.0782,15.2995,0.0007,0.67978,-1e-05,0.23841,261.001,6,0,0,0,1.59335,0.0,"('3r0_0_', '3r0_1_', 2)",,,,,,,,,,,,
262,214.3878,272.6553,-0.0004,0.003,15.3665,55.3194,15.3665,0.0006,0.67024,-1e-05,0.23502,262.532,6,0,0,0,1.60043,0.0,"('3r0_0_', '3r0_1_', 2)",,,,,,,,,,,,
263,215.6718,274.1933,-0.0004,0.002,15.4326,55.5572,15.4326,0.0005,0.66051,-1e-05,0.23167,264.07,6,0,0,0,1.60744,0.0,"('3r0_0_', '3r0_1_', 2)",,,,,,,,,,,,
264,216.2024,275.7378,-0.0003,0.002,15.4977,55.7917,15.4977,0.0004,0.65117,-1e-05,0.22836,265.615,6,0,0,0,1.61426,0.0,"('3r0_0_', '3r0_1_', 2)",,,,,,,,,,,,
265,217.5554,277.2888,-0.0003,0.002,15.5619,56.0227,15.5619,0.0004,0.64182,-1e-05,0.22511,267.166,6,0,0,0,1.62108,0.0,"('3r0_0_', '3r0_1_', 2)",,,,,,,,,,,,
266,218.2352,278.8463,-0.0002,0.001,15.6251,56.2505,15.6251,0.0003,0.63267,-1e-05,0.2219,268.723,6,0,0,0,1.62778,0.0,"('3r0_0_', '3r0_1_', 2)",,,,,,,,,,,,
267,219.7073,280.4101,-0.0002,0.001,15.6875,56.475,15.6875,0.0003,0.6237,-1e-05,0.21874,270.287,6,0,0,0,1.63434,0.0,"('3r0_0_', '3r0_1_', 2)",,,,,,,,,,,,
268,221.7066,281.98,-0.0002,0.001,15.749,56.6964,15.749,0.0002,0.61493,-1e-05,0.21562,271.857,6,0,0,0,1.64085,0.0,"('3r0_0_', '3r0_1_', 2)",,,,,,,,,,,,
269,223.5598,283.5561,-0.0002,0.001,15.8096,56.9146,15.8096,0.0002,0.60616,-0.0,0.21255,273.433,6,0,0,0,1.64722,0.0,"('3r0_0_', '3r0_1_', 2)",,,,,,,,,,,,
270,225.5864,285.1383,-0.0001,0.001,15.8693,57.1297,15.8693,0.0002,0.59738,-0.0,0.20952,275.015,6,0,0,0,1.65357,0.0,"('3r0_0_', '3r0_1_', 2)",,,,,,,,,,,,
271,226.2649,286.7264,-0.0001,0.001,15.9282,57.3417,15.9282,0.0002,0.58899,-0.0,0.20653,276.603,6,0,0,0,1.65978,0.0,"('3r0_0_', '3r0_1_', 2)",,,,,,,,,,,,
272,227.7435,288.3204,-0.0001,0.001,15.9863,57.5507,15.9863,0.0001,0.5806,-0.0,0.20359,278.197,6,0,0,0,1.66593,0.0,"('3r0_0_', '3r0_1_', 2)",,,,,,,,,,,,
273,229.011,289.9201,-0.0001,0.0,16.0435,57.7567,16.0435,0.0001,0.57221,-0.0,0.20068,279.797,6,0,0,0,1.67196,0.0,"('3r0_0_', '3r0_1_', 2)",,,,,,,,,,,,
274,229.8551,291.5256,-0.0001,0.0,16.0999,57.9598,16.0999,0.0001,0.56419,-0.0,0.19782,281.403,6,0,0,0,1.67792,0.0,"('3r0_0_', '3r0_1_', 2)",,,,,,,,,,,,
275,231.1016,293.1367,-0.0001,0.0,16.1556,58.16,16.1556,0.0001,0.55618,-0.0,0.195,283.014,6,0,0,0,1.68381,0.0,"('3r0_0_', '3r0_1_', 2)",,,,,,,,,,,,
276,231.9626,294.7534,-0.0001,0.0,16.2104,58.3574,16.2104,0.0001,0.54817,-0.0,0.19222,284.63,6,0,0,0,1.68958,0.0,"('3r0_0_', '3r0_1_', 2)",,,,,,,,,,,,
277,233.4662,296.3755,-0.0,0.0,16.2644,58.5518,16.2644,0.0001,0.54016,-0.0,0.18948,286.252,6,0,0,0,1.69532,0.0,"('3r0_0_', '3r0_1_', 2)",,,,,,,,,,,,
278,234.8362,298.003,-0.0,0.0,16.3177,58.7435,16.3177,0.0001,0.53253,-0.0,0.18678,287.88,7,0,0,0,1.70093,0.0,"('3r0_1_', '3r0_2_', 2)",,,,,,,,,,,,
279,236.246,299.6358,-0.0,0.0,16.3701,58.9325,16.3701,0.0001,0.5249,-0.0,0.18412,289.513,7,0,0,0,1.70651,0.0,"('3r0_1_', '3r0_2_', 2)",,,,,,,,,,,,
280,237.107,301.2701,-0.0,0.0,16.2663,58.5588,16.2663,0.0001,-1.03798,-0.0,-0.05,291.147,7,0,0,0,1.70751,0.0,"('3r0_1_', '3r0_2_', 2)",,,,,,,,,,,,
281,238.6967,302.8947,-0.0,0.0,16.1625,58.1852,16.1625,0.0,-1.03798,-0.0,-0.05,292.772,7,0,0,0,1.69727,0.0,"('3r0_1_', '3r0_2_', 2)",,,,,,,,,,,,
282,240.5579,304.5089,-0.0,0.0,16.0587,57.8115,16.0587,0.0,-1.03798,-0.0,-0.05,294.386,7,0,0,0,1.68643,0.0,"('3r0_1_', '3r0_2_', 2)",,,,,,,,,,,,
283,241.5075,306.1126,-0.0,0.0,15.955,57.4379,15.955,0.0,-1.03789,-0.0,-0.05,295.99,7,0,0,0,1.67559,0.0,"('3r0_1_', '3r0_2_', 2)",,,,,,,,,,,,
284,243.0105,307.7061,-0.0,0.0,15.8512,57.0642,15.8512,0.0,-1.03779,-0.0,-0.05,297.583,7,0,0,0,1.66474,0.0,"('3r0_1_', '3r0_2_', 2)",,,,,,,,,,,,
285,245.742,309.2891,-0.0,0.0,15.7474,56.6906,15.7474,0.0,-1.03779,-0.0,-0.05,299.166,7,0,0,0,1.6539,0.0,"('3r0_1_', '3r0_2_', 2)",,,,,,,,,,,,
286,247.3817,310.8618,-0.0,0.0,15.6436,56.317,15.6436,0.0,-1.03779,0.0,-0.05,300.739,7,0,0,0,1.64306,0.0,"('3r0_1_', '3r0_2_', 2)",,,,,,,,,,,,
287,248.9095,312.424,-0.0,0.0,15.5398,55.9434,15.5398,0.0,-1.03779,0.0,-0.05,302.301,7,0,0,0,1.63222,0.0,"('3r0_1_', '3r0_2_', 2)",,,,,,,,,,,,
288,250.115,313.976,-0.0,0.0,15.4361,55.5698,15.4361,0.0,-1.03779,0.0,-0.05,303.853,7,0,0,0,1.62137,0.0,"('3r0_1_', '3r0_2_', 2)",,,,,,,,,,,,
289,252.087,315.5175,-0.0,0.0,15.3323,55.1962,15.3323,0.0,-1.03779,0.0,-0.05,305.394,7,0,0,0,1.61053,0.0,"('3r0_1_', '3r0_2_', 2)",,,,,,,,,,,,
290,253.7499,317.0486,-0.0,0.0,15.2285,54.8226,15.2285,0.0,-1.03779,-0.0,-0.05,306.926,8,0,0,0,1.59969,0.0,"('3r0_2_', '4S0_0_', 2)",,,,,,,,,,,,
291,255.4351,318.5694,-0.0,0.0,15.1247,54.449,15.1247,0.0,-1.03779,-0.0,-0.05,308.446,8,0,0,0,1.58884,0.0,"('3r0_2_', '4S0_0_', 2)",,,,,,,,,,,,
292,256.9119,320.0798,-0.0,0.0,15.0209,54.0754,15.0209,0.0,-1.03779,-0.0,-0.05,309.957,8,0,0,0,1.578,0.0,"('3r0_2_', '4S0_0_', 2)",,,,,,,,,,,,
293,258.278,321.5799,0.0,0.0,14.9172,53.7018,14.9172,0.0,-1.03779,-0.0,-0.05,311.457,8,0,0,0,1.56716,0.0,"('3r0_2_', '4S0_0_', 2)",,,,,,,,,,,,
294,259.9362,323.0695,0.0,0.0,14.8134,53.3282,14.8134,0.0,-1.03779,-0.0,-0.05,312.946,8,0,0,0,1.55631,0.0,"('3r0_2_', '4S0_0_', 2)",,,,,,,,,,,,
295,261.649,324.5488,0.0,0.0,14.7096,52.9546,14.7096,0.0,-1.03779,-0.0,-0.05,314.426,8,0,0,0,1.54547,0.0,"('3r0_2_', '4S0_0_', 2)",,,,,,,,,,,,
296,263.7687,326.0177,0.0,0.0,14.6058,52.581,14.6058,0.0,-1.03779,-0.0,-0.05,315.895,8,0,0,0,1.5346,0.0,"('3r0_2_', '4S0_0_', 2)",,,,,,,,,,,,
297,265.326,327.4762,0.0,0.0,14.5021,52.2074,14.5021,0.0,-1.03779,-0.0,-0.05,317.353,8,0,0,0,1.52376,0.0,"('3r0_2_', '4S0_0_', 2)",,,,,,,,,,,,
298,266.9401,328.9243,0.0,0.0,14.3983,51.8338,14.3983,0.0,-1.03779,-0.0,-0.05,318.801,8,0,0,0,1.51291,0.0,"('3r0_2_', '4S0_0_', 2)",,,,,,,,,,,,
299,268.3982,330.362,0.0,0.0,14.2945,51.4602,14.2945,0.0,-1.03779,-0.0,-0.05,320.239,8,0,0,0,1.50207,0.0,"('3r0_2_', '4S0_0_', 2)",,,,,,,,,,,,
300,269.1751,331.7894,0.0,0.0,14.1907,51.0866,14.1907,0.0,-1.03779,-0.0,-0.05,321.666,8,0,0,0,1.49123,0.0,"('3r0_2_', '4S0_0_', 2)",,,,,,,,,,,,
301,270.7832,333.2064,0.0,0.0,14.0869,50.713,14.0869,0.0,-1.03779,-0.0,-0.05,323.083,8,0,0,0,1.48038,0.0,"('3r0_2_', '4S0_0_', 2)",,,,,,,,,,,,
302,272.077,334.613,0.0,0.0,13.9832,50.3394,13.9832,0.0,-1.03779,-0.0,-0.05,324.49,8,0,0,0,1.46954,0.0,"('3r0_2_', '4S0_0_', 2)",,,,,,,,,,,,
303,273.5501,336.0092,0.0,0.0,13.8794,49.9658,13.8794,0.0,-1.03779,-0.0,-0.05,325.886,8,0,0,0,1.4587,0.0,"('3r0_2_', '4S0_0_', 2)",,,,,,,,,,,,
304,275.102,337.3858,0.0119,0.378,13.3796,48.1666,13.3696,0.5171,-4.99785,0.21424,-0.30658,327.263,8,0,0,0,1.43676,0.0,"('3r0_2_', '4S0_0_', 2)",,,,,,,,,,,,
305,276.3866,338.712,0.0763,2.202,12.8812,46.3723,12.8274,1.1758,-4.98399,0.29036,-0.31822,328.591,8,0,0,0,1.38417,0.0,"('3r0_2_', '4S0_0_', 2)",,,,,,,,,,,,
306,278.0605,339.9841,0.2087,5.159,12.4297,44.747,12.2809,1.9175,-4.51472,0.3189,-0.29666,329.87,8,0,0,0,1.328,0.0,"('3r0_2_', '4S0_0_', 2)",,,,,,,,,,,,
307,279.6934,341.2019,0.4154,8.828,12.0472,43.3698,11.7505,2.6571,-3.82548,0.30734,-0.25095,331.105,8,0,0,0,1.27205,0.0,"('3r0_2_', '4S0_0_', 2)",,,,,,,,,,,,
308,280.8724,342.3672,0.696,12.844,11.74,42.2639,11.239,3.3928,-3.07213,0.23098,-0.16562,332.303,8,1,0,0,1.21814,0.0,"('3r0_2_', '4S0_0_', 2)",,,,,,,,,,,,
309,282.1204,343.4875,1.0406,16.724,11.6014,41.7651,10.9476,3.8396,-1.38545,0.14164,-0.07748,333.475,8,1,0,0,1.17248,0.0,"('3r0_2_', '4S0_0_', 2)",,,,,,,,,,,,
310,283.5532,344.5821,1.4177,19.298,11.4717,41.298,10.8763,3.6475,-1.2975,-0.13536,-0.06153,334.633,8,1,0,0,1.14626,0.0,"('3r0_2_', '4S0_0_', 2)",,,,,,,,,,,,
311,285.1944,345.668,1.7747,19.175,11.2713,40.5768,10.8063,3.2043,-2.00345,-0.18899,-0.08827,335.776,9,1,0,0,1.13657,0.0,"('3r0_2_', '4S0_0_', 1)",,,,,,,,,,,,
312,286.0866,346.7482,2.0824,17.166,11.0729,39.8626,10.7757,2.5483,-1.98394,-0.19926,-0.07876,336.899,9,1,0,0,1.13003,0.0,"('3r0_2_', '4S0_0_', 1)",,,,,,,,,,,,
313,287.3965,347.8258,2.3261,14.182,10.9436,39.397,10.7667,1.9596,-1.29332,-0.18692,-0.05359,338.004,9,1,0,0,1.12685,0.0,"('3r0_2_', '4S0_0_', 1)",,,,,,,,,,,,
314,288.9628,348.9033,2.515,11.157,10.9052,39.2588,10.7997,1.5131,-0.3839,-0.15114,-0.01777,339.098,9,1,0,0,1.12662,0.0,"('3r0_2_', '4S0_0_', 1)",,,,,,,,,,,,
315,291.0712,349.9843,2.6622,8.625,10.9133,39.2879,10.8469,1.202,0.08089,-0.10753,0.01596,340.189,9,1,0,0,1.13007,0.0,"('3r0_2_', '4S0_0_', 1)",,,,,,,,,,,,
316,292.9914,351.0722,2.7786,6.695,11.0275,39.6991,10.9865,0.9504,1.14215,-0.08343,0.39593,341.283,9,1,0,0,1.13751,0.0,"('3r0_2_', '4S0_0_', 1)",,,,,,,,,,,,
317,294.6252,352.1734,2.8711,5.221,11.1446,40.1207,11.1181,0.769,1.1712,-0.05993,0.40667,342.388,9,1,0,0,1.15141,0.0,"('3r0_2_', '4S0_0_', 1)",,,,,,,,,,,,
318,296.0336,353.2878,2.9462,4.135,11.2631,40.547,11.2451,0.6359,1.18432,-0.04259,0.41296,343.505,9,0,0,0,1.165,0.0,"('3r0_2_', '4S0_0_', 1)",,,,,,,,,,,,
319,296.7813,354.4147,3.0084,3.348,11.3819,40.9749,11.3692,0.5371,1.18859,-0.03033,0.41562,344.634,9,0,0,0,1.1782,0.0,"('3r0_2_', '4S0_0_', 1)",,,,,,,,,,,,
320,297.7711,355.5541,3.061,2.781,11.5006,41.4023,11.4912,0.4652,1.18712,-0.02171,0.4157,345.775,9,0,0,0,1.19113,0.0,"('3r0_2_', '4S0_0_', 1)",,,,,,,,,,,,
321,299.0436,356.7056,3.1068,2.369,11.6187,41.8275,11.6114,0.4127,1.18104,-0.01581,0.4139,346.927,9,0,0,0,1.2038,0.0,"('3r0_2_', '4S0_0_', 1)",,,,,,,,,,,,
322,300.4999,357.8691,3.1474,2.064,11.7358,42.2488,11.7299,0.3703,1.17033,-0.01242,0.41037,348.091,9,0,0,0,1.21632,0.0,"('3r0_2_', '4S0_0_', 1)",,,,,,,,,,,,
323,301.8512,359.0445,3.1838,1.825,11.8515,42.6655,11.8468,0.3335,1.15748,-0.01036,0.40596,349.267,9,0,0,0,1.22866,0.0,"('3r0_2_', '4S0_0_', 1)",,,,,,,,,,,,
324,302.4368,360.2314,3.2165,1.627,11.9659,43.0772,11.9621,0.301,1.14358,-0.009,0.40112,350.455,10,0,0,0,1.24083,0.0,"('4S0_0_', '5S0_0_', 1)",,,,,,,,,,,,
325,303.9791,361.4299,3.2462,1.456,12.0789,43.484,12.0758,0.2734,1.13,-0.00771,0.39631,351.653,10,0,0,0,1.25278,0.0,"('4S0_0_', '5S0_0_', 1)",,,,,,,,,,,,
326,305.3897,362.6397,3.2731,1.308,12.1905,43.8857,12.1879,0.2493,1.11595,-0.00666,0.3914,352.863,10,0,0,0,1.26467,0.0,"('4S0_0_', '5S0_0_', 1)",,,,,,,,,,,,
327,306.875,363.8607,3.2975,1.177,12.3005,44.2819,12.2985,0.2251,1.10053,-0.00638,0.38601,354.085,10,0,0,0,1.27633,0.0,"('4S0_0_', '5S0_0_', 1)",,,,,,,,,,,,
328,307.8892,365.0927,3.3196,1.055,12.4091,44.6729,12.4075,0.2034,1.08622,-0.00571,0.38098,355.317,10,0,0,0,1.28787,0.0,"('4S0_0_', '5S0_0_', 1)",,,,,,,,,,,,
329,309.366,366.3356,3.3396,0.943,12.5163,45.0587,12.515,0.1828,1.07163,-0.00526,0.37586,356.56,10,0,0,0,1.29921,0.0,"('4S0_0_', '5S0_0_', 1)",,,,,,,,,,,,
330,310.0845,367.5892,3.3575,0.84,12.622,45.4394,12.621,0.1637,1.05731,-0.00479,0.37083,357.814,10,0,0,0,1.31046,0.0,"('4S0_0_', '5S0_0_', 1)",,,,,,,,,,,,
331,311.7223,368.8534,3.3736,0.746,12.7264,45.815,12.7255,0.1469,1.04352,-0.00415,0.36599,359.078,10,0,0,0,1.32143,0.0,"('4S0_0_', '5S0_0_', 1)",,,,,,,,,,,,
332,312.3955,370.128,3.388,0.662,12.8293,46.1856,12.8287,0.1309,1.0293,-0.00384,0.36099,360.353,10,0,0,0,1.33233,0.0,"('4S0_0_', '5S0_0_', 1)",,,,,,,,,,,,
333,313.6267,371.4129,3.4008,0.585,12.9309,46.5512,12.9304,0.117,1.01569,-0.00331,0.35622,361.638,10,0,0,0,1.34307,0.0,"('4S0_0_', '5S0_0_', 1)",,,,,,,,,,,,
334,315.2301,372.7079,3.4123,0.518,13.0311,46.9119,13.0307,0.1043,1.0019,-0.00293,0.3514,362.933,10,0,0,0,1.35365,0.0,"('4S0_0_', '5S0_0_', 1)",,,,,,,,,,,,
335,316.8345,374.013,3.4225,0.457,13.1299,47.2677,13.1296,0.0927,0.98839,-0.00262,0.34661,364.238,10,0,0,0,1.36417,0.0,"('4S0_0_', '5S0_0_', 1)",,,,,,,,,,,,
336,317.4268,375.3279,3.4316,0.403,13.2274,47.6187,13.2271,0.0824,0.97482,-0.00232,0.34188,365.553,10,0,0,0,1.37443,0.0,"('4S0_0_', '5S0_0_', 1)",,,,,,,,,,,,
337,318.7795,376.6525,3.4397,0.356,13.3236,47.9649,13.3234,0.0735,0.9617,-0.00196,0.33726,366.877,10,0,0,0,1.3846,0.0,"('4S0_0_', '5S0_0_', 1)",,,,,,,,,,,,
338,320.1208,377.9868,3.4468,0.314,13.4184,48.3063,13.4183,0.0651,0.94832,-0.00179,0.33257,368.212,10,0,0,0,1.39461,0.0,"('4S0_0_', '5S0_0_', 1)",,,,,,,,,,,,
339,321.6997,379.3304,3.4532,0.277,13.5119,48.643,13.5118,0.058,0.93537,-0.00152,0.32801,369.555,10,0,0,0,1.40449,0.0,"('4S0_0_', '5S0_0_', 1)",,,,,,,,,,,,
340,323.3514,380.6834,3.4589,0.244,13.6042,48.975,13.6041,0.0513,0.92219,-0.00139,0.32343,370.908,10,0,0,0,1.41422,0.0,"('4S0_0_', '5S0_0_', 1)",,,,,,,,,,,,
341,324.9319,382.0456,3.4639,0.214,13.6951,49.3024,13.695,0.0452,0.9094,-0.00124,0.31893,372.271,10,0,0,0,1.42381,0.0,"('4S0_0_', '5S0_0_', 1)",,,,,,,,,,,,
342,326.2025,383.4169,3.4683,0.188,13.7848,49.6252,13.7847,0.0399,0.89686,-0.00109,0.31448,373.642,10,0,0,0,1.43331,0.0,"('4S0_0_', '5S0_0_', 1)",,,,,,,,,,,,
343,327.2935,384.7971,3.4722,0.164,13.8732,49.9436,13.8732,0.035,0.8843,-0.00097,0.31008,375.022,10,0,0,0,1.44268,0.0,"('4S0_0_', '5S0_0_', 1)",,,,,,,,,,,,
344,328.8251,386.1862,3.4757,0.143,13.9604,50.2575,13.9604,0.0309,0.87184,-0.00081,0.30577,376.411,10,0,0,0,1.45186,0.0,"('4S0_0_', '5S0_0_', 1)",,,,,,,,,,,,
345,330.1504,387.584,3.4787,0.125,14.0464,50.5669,14.0463,0.0271,0.85958,-0.00072,0.30147,377.809,10,0,0,0,1.46097,0.0,"('4S0_0_', '5S0_0_', 1)",,,,,,,,,,,,
346,331.6639,388.9903,3.4813,0.109,14.1311,50.872,14.1311,0.0239,0.84757,-0.00062,0.29725,379.215,10,0,0,0,1.46993,0.0,"('4S0_0_', '5S0_0_', 1)",,,,,,,,,,,,
347,333.1028,390.4051,3.4837,0.095,14.2147,51.1728,14.2147,0.021,0.83556,-0.00053,0.29307,380.63,10,0,0,0,1.47876,0.0,"('4S0_0_', '5S0_0_', 1)",,,,,,,,,,,,
348,334.5003,391.8282,3.4857,0.083,14.2971,51.4694,14.2971,0.0185,0.82394,-0.00046,0.28894,382.053,10,0,0,0,1.48746,0.0,"('4S0_0_', '5S0_0_', 1)",,,,,,,,,,,,
349,335.8783,393.2596,3.4875,0.073,14.3783,51.7619,14.3783,0.0162,0.81231,-0.00042,0.28486,383.484,10,0,0,0,1.49604,0.0,"('4S0_0_', '5S0_0_', 1)",,,,,,,,,,,,
350,337.7715,394.6989,3.4891,0.064,14.4584,52.0502,14.4584,0.0143,0.80088,-0.00035,0.28084,384.924,10,0,0,0,1.50445,0.0,"('4S0_0_', '5S0_0_', 1)",,,,,,,,,,,,
351,338.718,396.1463,3.4905,0.056,14.5373,52.3344,14.5373,0.0126,0.78943,-0.00031,0.27686,386.371,10,0,0,0,1.51281,0.0,"('4S0_0_', '5S0_0_', 1)",,,,,,,,,,,,
352,340.4623,397.6016,3.4917,0.049,14.6151,52.6145,14.6151,0.011,0.77819,-0.00028,0.27294,387.827,10,0,0,0,1.52106,0.0,"('4S0_0_', '5S0_0_', 1)",,,,,,,,,,,,
353,341.3534,399.0646,3.4928,0.042,14.6919,52.8908,14.6919,0.0096,0.76732,-0.00024,0.26907,389.29,10,0,0,0,1.52913,0.0,"('4S0_0_', '5S0_0_', 1)",,,,,,,,,,,,
354,342.7121,400.5353,3.4938,0.037,14.7675,53.1631,14.7675,0.0084,0.75645,-0.00021,0.26526,390.76,10,0,0,0,1.5371,0.0,"('4S0_0_', '5S0_0_', 1)",,,,,,,,,,,,
355,344.83,402.0135,3.4946,0.032,14.8421,53.4315,14.8421,0.0073,0.74558,-0.00018,0.26149,392.238,10,0,0,0,1.54503,0.0,"('4S0_0_', '5S0_0_', 1)",,,,,,,,,,,,
356,345.8115,403.4992,3.4953,0.028,14.9156,53.6961,14.9156,0.0064,0.73509,-0.00015,0.25779,393.724,10,0,0,0,1.55281,0.0,"('4S0_0_', '5S0_0_', 1)",,,,,,,,,,,,
357,346.4392,404.9922,3.4959,0.024,14.9881,53.957,14.9881,0.0056,0.7246,-0.00013,0.25413,395.217,10,0,0,0,1.56046,0.0,"('4S0_0_', '5S0_0_', 1)",,,,,,,,,,,,
358,347.5729,406.4925,3.4965,0.021,15.0595,54.2141,15.0595,0.0049,0.7143,-0.00012,0.25051,396.717,10,0,0,0,1.56801,0.0,"('4S0_0_', '5S0_0_', 1)",,,,,,,,,,,,
359,348.7247,407.9998,3.4969,0.018,15.1299,54.4676,15.1299,0.0042,0.70419,-0.0001,0.24695,398.225,10,0,0,0,1.57544,0.0,"('4S0_0_', '5S0_0_', 1)",,,,,,,,,,,,
360,349.4397,409.5142,3.4974,0.016,15.1993,54.7175,15.1993,0.0036,0.69408,-9e-05,0.24344,399.739,10,0,0,0,1.5828,0.0,"('4S0_0_', '5S0_0_', 1)",,,,,,,,,,,,
361,350.762,411.0355,3.4977,0.013,15.2677,54.9639,15.2677,0.0032,0.68436,-8e-05,0.23998,401.26,10,0,0,0,1.59001,0.0,"('4S0_0_', '5S0_0_', 1)",,,,,,,,,,,,
362,352.0413,412.5637,3.498,0.011,15.3352,55.2067,15.3352,0.0027,0.67463,-7e-05,0.23657,402.789,10,0,0,0,1.59715,0.0,"('4S0_0_', '5S0_0_', 1)",,,,,,,,,,,,
363,353.2172,414.0985,3.4983,0.01,15.4017,55.4461,15.4017,0.0024,0.6649,-6e-05,0.2332,404.323,10,0,0,0,1.60416,0.0,"('4S0_0_', '5S0_0_', 1)",,,,,,,,,,,,
364,353.9212,415.64,3.4985,0.009,15.4673,55.6821,15.4673,0.0021,0.65556,-5e-05,0.22988,405.865,10,0,0,0,1.61108,0.0,"('4S0_0_', '5S0_0_', 1)",,,,,,,,,,,,
365,354.6055,417.188,3.4987,0.007,15.5319,55.9147,15.5319,0.0018,0.64621,-4e-05,0.22661,407.413,10,0,0,0,1.61793,0.0,"('4S0_0_', '5S0_0_', 1)",,,,,,,,,,,,
366,355.9255,418.7425,3.4989,0.006,15.5956,56.1441,15.5956,0.0016,0.63705,-4e-05,0.22338,408.967,10,0,0,0,1.62462,0.0,"('4S0_0_', '5S0_0_', 1)",,,,,,,,,,,,
367,356.9794,420.3033,3.499,0.006,15.6584,56.3701,15.6584,0.0014,0.6279,-3e-05,0.2202,410.528,10,0,0,0,1.63125,0.0,"('4S0_0_', '5S0_0_', 1)",,,,,,,,,,,,
368,357.5375,421.8703,3.4992,0.005,15.7203,56.5929,15.7203,0.0012,0.61893,-3e-05,0.21706,412.095,10,0,0,0,1.63782,0.0,"('4S0_0_', '5S0_0_', 1)",,,,,,,,,,,,
369,358.7062,423.4435,3.4993,0.004,15.7813,56.8126,15.7813,0.001,0.61016,-2e-05,0.21397,413.668,10,0,0,0,1.6442,0.0,"('4S0_0_', '5S0_0_', 1)",,,,,,,,,,,,
370,359.4195,425.0189,3.4994,0.004,15.6775,56.439,15.6775,0.0012,-1.03779,3e-05,-0.05,415.244,10,0,0,0,1.64593,0.0,"('4S0_0_', '5S0_0_', 1)",,,,,,,,,,,,
371,361.0006,426.5846,3.4995,0.004,15.5737,56.0654,15.5737,0.0013,-1.03779,2e-05,-0.05,416.81,10,0,0,0,1.63576,0.0,"('4S0_0_', '5S0_0_', 1)",,,,,,,,,,,,
372,361.6353,428.1399,3.4996,0.005,15.4699,55.6918,15.4699,0.0012,-1.03779,-1e-05,-0.05,418.365,10,0,0,0,1.62491,0.0,"('4S0_0_', '5S0_0_', 1)",,,,,,,,,,,,
373,362.8246,429.6848,3.4998,0.004,15.3662,55.3182,15.3662,0.001,-1.03779,-4e-05,-0.05,419.91,10,0,0,0,1.61407,0.0,"('4S0_0_', '5S0_0_', 1)",,,,,,,,,,,,
374,363.5165,431.2193,3.4998,0.003,15.2624,54.9446,15.2624,0.0007,-1.03779,-5e-05,-0.05,421.444,10,0,0,0,1.60323,0.0,"('4S0_0_', '5S0_0_', 1)",,,,,,,,,,,,
375,364.6514,432.7435,3.4999,0.002,15.1586,54.571,15.1586,0.0004,-1.03779,-5e-05,-0.05,422.968,10,0,0,0,1.59238,0.0,"('4S0_0_', '5S0_0_', 1)",,,,,,,,,,,,
376,365.7946,434.2573,3.4999,0.001,15.0548,54.1974,15.0548,0.0001,-1.03779,-3e-05,-0.05,424.482,10,0,0,0,1.58154,0.0,"('4S0_0_', '5S0_0_', 1)",,,,,,,,,,,,
377,367.2379,435.7607,3.5,0.0,14.951,53.8238,14.951,0.0,-1.03779,-2e-05,-0.05,425.986,10,0,0,0,1.5707,0.0,"('4S0_0_', '5S0_0_', 1)",,,,,,,,,,,,
378,368.665,437.2538,3.5,0.0,14.8473,53.4502,14.8473,-0.0,-1.03779,-0.0,-0.05,427.479,11,0,0,0,1.55985,0.0,"('5S0_0_', '6S0_0_', 1)",,,,,,,,,,,,
379,369.4657,438.7364,3.5,-0.0,14.7435,53.0766,14.7435,0.0,-1.03779,1e-05,-0.05,428.961,11,0,0,0,1.54898,0.0,"('5S0_0_', '6S0_0_', 1)",,,,,,,,,,,,
380,371.0248,440.2086,3.5,0.0,14.6397,52.703,14.6397,0.0001,-1.03779,1e-05,-0.05,430.434,11,0,0,0,1.53814,0.0,"('5S0_0_', '6S0_0_', 1)",,,,,,,,,,,,
381,372.5273,441.6705,3.5,0.0,14.5359,52.3294,14.5359,0.0001,-1.03779,1e-05,-0.05,431.895,11,0,0,0,1.5273,0.0,"('5S0_0_', '6S0_0_', 1)",,,,,,,,,,,,
382,374.1833,443.1139,3.5007,0.024,14.0909,50.7273,14.0909,0.0248,-4.45007,0.00433,-0.21436,433.339,11,0,0,0,1.50674,0.0,"('5S0_0_', '6S0_0_', 1)",,,,,,,,,,,,
383,375.8945,444.5156,3.5049,0.142,13.7116,49.3619,13.7114,0.0865,-3.79299,0.01191,-0.18258,434.741,11,0,0,0,1.46347,0.0,"('5S0_0_', '6S0_0_', 1)",,,,,,,,,,,,
384,376.6448,445.8801,3.5173,0.447,13.3731,48.1432,13.3712,0.2268,-3.38504,0.02807,-0.16228,436.105,11,0,0,0,1.42468,0.0,"('5S0_0_', '6S0_0_', 1)",,,,,,,,,,,,
385,378.1865,447.2115,3.5435,1.001,13.0827,47.0978,13.0771,0.3856,-2.90388,0.03527,-0.13911,437.437,11,0,0,0,1.39026,0.0,"('5S0_0_', '6S0_0_', 1)",,,,,,,,,,,,
386,378.7479,448.5138,3.5876,1.766,12.8168,46.1405,12.8019,0.6175,-2.65925,0.05157,-0.12632,438.74,11,0,0,0,1.35995,0.0,"('5S0_0_', '6S0_0_', 1)",,,,,,,,,,,,
387,380.0962,449.7896,3.6538,2.738,12.5967,45.3482,12.5692,0.8324,-2.20075,0.05267,-0.10493,440.017,11,0,0,0,1.33244,0.0,"('5S0_0_', '6S0_0_', 1)",,,,,,,,,,,,
388,381.6628,451.0452,3.7259,3.271,12.4756,44.9123,12.468,0.437,-1.21108,-0.08763,-0.05,441.275,11,0,0,0,1.31176,0.0,"('5S0_0_', '6S0_0_', 1)",,,,,,,,,,,,
389,383.2887,452.2896,3.76,2.155,12.3527,44.4697,12.3527,-0.0004,-1.22946,-0.11193,-0.05,442.52,11,0,0,0,1.30006,0.0,"('5S0_0_', '6S0_0_', 1)",,,,,,,,,,,,
390,383.8722,453.5227,3.7541,0.334,12.2451,44.0824,12.2403,-0.3429,-1.0756,-0.09329,-0.05,443.753,11,0,0,0,1.2882,0.0,"('5S0_0_', '6S0_0_', 1)",,,,,,,,,,,,
391,384.8047,454.7448,3.7185,-1.28,12.1436,43.7169,12.1327,-0.5145,-1.01544,-0.05203,-0.05,444.976,11,0,0,0,1.27669,0.0,"('5S0_0_', '6S0_0_', 1)",,,,,,,,,,,,
392,386.2052,455.9561,3.6688,-2.239,12.0404,43.3455,12.0286,-0.5343,-1.03162,-0.01005,-0.05,446.188,11,0,0,0,1.26546,0.0,"('5S0_0_', '6S0_0_', 1)",,,,,,,,,,,,
393,387.3253,457.1569,3.6186,-2.488,11.9349,42.9658,11.9265,-0.448,-1.05482,0.01996,-0.05,447.39,11,0,0,0,1.25457,0.0,"('5S0_0_', '6S0_0_', 1)",,,,,,,,,,,,
394,388.8388,458.3476,3.5771,-2.206,11.8292,42.5852,11.825,-0.3163,-1.05719,0.03431,-0.05,448.581,11,0,0,0,1.24387,0.0,"('5S0_0_', '6S0_0_', 1)",,,,,,,,,,,,
395,389.5427,459.528,3.548,-1.653,11.7245,42.2082,11.7229,-0.1913,-1.04712,0.03536,-0.05,449.762,11,0,0,0,1.23324,0.0,"('5S0_0_', '6S0_0_', 1)",,,,,,,,,,,,
396,390.802,460.6983,3.5304,-1.057,11.6206,41.8342,11.6202,-0.0961,-1.03887,0.02822,-0.05,450.932,11,0,0,0,1.22252,0.0,"('5S0_0_', '6S0_0_', 1)",,,,,,,,,,,,
397,391.5625,461.8582,3.5215,-0.564,11.517,41.4612,11.5169,-0.0354,-1.03614,0.01809,-0.05,452.092,11,0,0,0,1.21177,0.0,"('5S0_0_', '6S0_0_', 1)",,,,,,,,,,,,
398,392.9024,463.0078,3.5181,-0.235,11.4133,41.088,11.4133,-0.0071,-1.03659,0.00873,-0.05,453.242,11,0,0,0,1.20099,0.0,"('5S0_0_', '6S0_0_', 1)",,,,,,,,,,,,
399,394.5567,464.1471,3.5172,-0.063,11.3096,40.7145,11.3096,-0.0017,-1.03756,0.00203,-0.05,454.381,11,0,0,0,1.19014,0.0,"('5S0_0_', '6S0_0_', 1)",,,,,,,,,,,,
400,396.4428,465.2786,3.5216,0.148,11.3166,40.7398,11.3156,0.1501,0.07029,0.03407,0.03369,455.513,11,0,0,0,1.18239,0.0,"('5S0_0_', '6S0_0_', 1)",,,,,,,,,,,,
401,397.8792,466.41,3.542,0.751,11.317,40.7411,11.311,0.3662,0.00355,0.05704,0.01702,456.644,11,0,0,0,1.18234,0.0,"('5S0_0_', '6S0_0_', 1)",,,,,,,,,,,,
402,398.9221,467.5406,3.5852,1.747,11.3117,40.7222,11.2933,0.6459,-0.05256,0.07673,0.00321,457.776,11,0,0,0,1.18158,0.0,"('5S0_0_', '6S0_0_', 1)",,,,,,,,,,,,
403,399.7521,468.6694,3.6558,3.046,11.3048,40.6974,11.2663,0.933,-0.06869,0.08331,-0.00096,458.907,11,0,0,0,1.17963,0.0,"('5S0_0_', '6S0_0_', 1)",,,,,,,,,,,,
404,400.7633,469.7951,3.7556,4.509,11.2904,40.6454,11.2219,1.2413,-0.14467,0.08924,-0.00454,460.037,11,0,0,0,1.17648,0.0,"('5S0_0_', '6S0_0_', 1)",,,,,,,,,,,,
405,401.304,470.9164,3.8857,6.063,11.2798,40.6074,11.1735,1.5449,-0.10553,0.08898,-0.00315,461.166,11,0,0,0,1.17204,0.0,"('5S0_0_', '6S0_0_', 1)",,,,,,,,,,,,
406,402.2882,472.0316,4.0302,7.129,11.1397,40.1029,11.0777,1.1732,-1.40124,-0.16632,-0.05641,462.29,11,1,0,0,1.16542,0.0,"('5S0_0_', '6S0_0_', 1)",,,,,,,,,,,,
407,403.9255,473.1371,4.1375,6.288,10.9788,39.5237,10.9607,0.6309,-1.609,-0.1907,-0.0618,463.401,11,1,0,0,1.1549,0.0,"('5S0_0_', '6S0_0_', 1)",,,,,,,,,,,,
408,404.8632,474.234,4.1972,4.243,10.9766,39.5159,10.9718,0.3238,-0.02176,-0.11769,0.00272,464.499,11,0,0,0,1.14626,0.0,"('5S0_0_', '6S0_0_', 1)",,,,,,,,,,,,
409,406.121,475.3317,4.2309,2.463,10.9945,39.5801,10.992,0.2306,0.17842,-0.05251,0.04853,465.598,11,1,0,0,1.14713,0.0,"('5S0_0_', '6S0_0_', 1)",,,,,,,,,,,,
410,406.6799,476.4308,4.2614,1.676,11.0046,39.6164,10.9969,0.4094,0.10096,0.03284,0.06081,466.697,11,1,0,0,1.14861,0.0,"('5S0_0_', '6S0_0_', 1)",,,,,,,,,,,,
411,407.4626,477.5294,4.312,2.145,10.9907,39.5664,10.9642,0.7621,-0.13909,0.09724,0.01488,467.797,11,1,0,0,1.14812,0.0,"('5S0_0_', '6S0_0_', 1)",,,,,,,,,,,,
412,409.0132,478.6196,4.3768,2.966,10.6998,38.5194,10.6944,0.3397,-2.90822,-0.31801,-0.13849,468.889,11,1,0,0,1.1383,0.0,"('5S0_0_', '6S0_0_', 1)",,,,,,,,,,,,
413,410.0803,479.6822,4.4003,2.04,10.3558,37.2809,10.3534,-0.2214,-3.44026,-0.38343,-0.16005,469.952,11,1,0,0,1.10922,0.0,"('5S0_0_', '6S0_0_', 1)",,,,,,,,,,,,
414,411.2044,480.7101,4.3647,-0.383,10.0138,36.0497,9.9727,-0.9066,-3.42011,-0.41714,-0.15498,470.98,11,1,0,0,1.07296,0.0,"('5S0_0_', '6S0_0_', 1)",,,,,,,,,,,,
415,411.909,481.7003,4.2596,-3.842,9.7425,35.0729,9.607,-1.6189,-2.71336,-0.4078,-0.11994,471.976,11,1,0,0,1.03411,0.0,"('5S0_0_', '6S0_0_', 1)",,,,,,,,,,,,
416,412.6149,482.6548,4.0833,-7.967,9.56,34.4159,9.2696,-2.3383,-1.82501,-0.37275,-0.0728,472.947,11,1,0,0,0.99746,0.0,"('5S0_0_', '6S0_0_', 1)",,,,,,,,,,,,
417,414.082,483.5785,3.837,-12.435,9.5362,34.3304,9.0526,-2.9984,-0.23743,-0.2852,0.0037,473.903,11,1,0,0,0.96665,0.0,"('5S0_0_', '6S0_0_', 1)",,,,,,,,,,,,
418,415.005,484.4865,3.5434,-16.214,9.5683,34.4458,9.1255,-2.877,0.32058,0.01383,0.19564,474.857,11,0,0,0,0.95102,0.0,"('5S0_0_', '6S0_0_', 1)",,,,,,,,,,,,
419,416.203,485.4004,3.2609,-17.333,9.5743,34.4676,9.2103,-2.6148,0.06057,0.09752,0.13438,475.814,11,0,0,0,0.95696,0.0,"('5S0_0_', '6S0_0_', 1)",,,,,,,,,,,,
420,416.777,486.3232,3.0043,-16.592,9.6006,34.5621,9.2992,-2.3868,0.26256,0.10328,0.12985,476.771,11,0,0,0,0.96605,0.0,"('5S0_0_', '6S0_0_', 1)",,,,,,,,,,,,
421,417.5561,487.2543,2.7668,-15.317,9.642,34.7114,9.372,-2.2659,0.41457,0.078,0.14535,477.732,11,1,0,0,0.97451,0.0,"('5S0_0_', '6S0_0_', 1)",,,,,,,,,,,,
422,419.1171,488.1921,2.538,-14.281,9.6938,34.8975,9.4242,-2.2701,0.51708,0.0288,0.17634,478.698,11,1,0,0,0.9814,0.0,"('5S0_0_', '6S0_0_', 1)",,,,,,,,,,,,
423,420.9064,489.135,2.3085,-13.804,9.7473,35.0901,9.4657,-2.3257,0.53503,-0.00403,0.18936,479.668,11,1,0,0,0.98676,0.0,"('5S0_0_', '6S0_0_', 1)",,,,,,,,,,,,
424,421.6542,490.0835,2.0879,-13.335,9.7313,35.0326,9.5526,-1.8563,-0.15975,0.14407,0.08688,480.642,11,1,0,0,0.99231,0.0,"('5S0_0_', '6S0_0_', 1)",,,,,,,,,,,,
425,422.3409,491.04,1.9053,-11.841,9.7597,35.1351,9.624,-1.6223,0.28458,0.10718,0.11403,481.616,11,1,0,0,1.0004,0.0,"('5S0_0_', '6S0_0_', 1)",,,,,,,,,,,,
426,423.1149,492.0029,1.74,-10.488,9.8083,35.3098,9.673,-1.6237,0.48551,0.03528,0.16199,482.593,12,1,0,0,1.00706,0.0,"('5S0_0_', '6S0_0_', 2)",,,,,,,,,,,,
427,424.3709,492.9706,1.5743,-9.888,9.8577,35.4877,9.7101,-1.6995,0.49418,-0.00768,0.17726,483.575,12,1,0,0,1.01207,0.0,"('5S0_0_', '6S0_0_', 2)",,,,,,,,,,,,
428,426.0376,493.9425,1.4035,-9.831,9.9063,35.6627,9.754,-1.7305,0.4859,-0.0104,0.17124,484.561,12,1,0,0,1.01647,0.0,"('5S0_0_', '6S0_0_', 2)",,,,,,,,,,,,
429,426.7631,494.9192,1.2321,-9.873,9.9544,35.8357,9.8096,-1.6914,0.48056,0.00708,0.16952,485.553,12,1,0,0,1.02142,0.0,"('5S0_0_', '6S0_0_', 2)",,,,,,,,,,,,
430,428.0357,495.904,1.0713,-9.531,10.07,36.2519,9.9691,-1.4219,1.1562,0.07787,0.44778,486.551,12,1,0,0,1.03015,0.0,"('5S0_0_', '6S0_0_', 2)",,,,,,,,,,,,
431,428.9552,496.9039,0.9335,-8.511,10.1903,36.6852,10.1183,-1.2096,1.20366,0.08232,0.43887,487.56,12,1,0,0,1.04576,0.0,"('5S0_0_', '6S0_0_', 2)",,,,,,,,,,,,
432,429.6938,497.9186,0.8158,-7.291,10.3139,37.1299,10.2625,-1.0276,1.23513,0.07454,0.4383,488.582,12,1,0,0,1.06112,0.0,"('5S0_0_', '6S0_0_', 2)",,,,,,,,,,,,
433,430.5333,498.9477,0.7157,-6.118,10.4391,37.5807,10.4027,-0.8711,1.2522,0.0631,0.44013,489.616,12,1,0,0,1.07603,0.0,"('5S0_0_', '6S0_0_', 2)",,,,,,,,,,,,
434,431.6266,499.9906,0.6306,-5.09,10.5653,38.0349,10.5394,-0.7385,1.26185,0.05122,0.44219,490.662,12,1,0,0,1.09048,0.0,"('5S0_0_', '6S0_0_', 2)",,,,,,,,,,,,
435,432.3263,501.0472,0.5584,-4.233,10.6919,38.4907,10.6733,-0.6302,1.26607,0.0405,0.44339,491.721,12,0,0,0,1.10472,0.0,"('5S0_0_', '6S0_0_', 2)",,,,,,,,,,,,
436,433.8161,502.1172,0.4967,-3.542,10.8184,38.9463,10.8048,-0.5436,1.26564,0.03151,0.44335,492.793,12,0,0,0,1.11863,0.0,"('5S0_0_', '6S0_0_', 2)",,,,,,,,,,,,
437,435.0399,503.2002,0.4434,-2.994,10.9445,39.4002,10.9343,-0.4734,1.26073,0.02462,0.44184,493.877,12,0,0,0,1.13232,0.0,"('5S0_0_', '6S0_0_', 2)",,,,,,,,,,,,
438,436.2862,504.2962,0.397,-2.559,11.0698,39.8511,11.062,-0.4157,1.25256,0.01948,0.43914,494.974,12,0,0,0,1.14579,0.0,"('5S0_0_', '6S0_0_', 2)",,,,,,,,,,,,
439,437.0622,505.4049,0.3562,-2.212,11.194,40.2985,11.1879,-0.3689,1.24257,0.01544,0.4357,496.084,12,0,0,0,1.15911,0.0,"('5S0_0_', '6S0_0_', 2)",,,,,,,,,,,,
440,437.9434,506.5262,0.3199,-1.934,11.3171,40.7416,11.3123,-0.3308,1.23088,0.01238,0.43163,497.205,13,0,0,0,1.1722,0.0,"('6S0_0_', '7R0_0_', 2)",,,,,,,,,,,,
441,439.4867,507.6599,0.2874,-1.709,11.4389,41.18,11.435,-0.2992,1.2178,0.01009,0.42708,498.34,13,0,0,0,1.18517,0.0,"('6S0_0_', '7R0_0_', 2)",,,,,,,,,,,,
442,440.7426,508.8058,0.2579,-1.522,11.5592,41.6131,11.556,-0.2709,1.20312,0.00871,0.42196,499.486,13,0,0,0,1.19795,0.0,"('6S0_0_', '7R0_0_', 2)",,,,,,,,,,,,
443,442.1795,509.9638,0.2313,-1.36,11.678,42.0407,11.6754,-0.2448,1.18771,0.00777,0.4166,500.644,13,0,0,0,1.21051,0.0,"('6S0_0_', '7R0_0_', 2)",,,,,,,,,,,,
444,442.8577,511.1337,0.2073,-1.216,11.7952,42.4628,11.7931,-0.2209,1.17241,0.00699,0.41121,501.814,13,0,0,0,1.22297,0.0,"('6S0_0_', '7R0_0_', 2)",,,,,,,,,,,,
445,444.4409,512.3153,0.1856,-1.087,11.911,42.8795,11.9093,-0.1999,1.15756,0.00608,0.40598,502.996,13,0,0,0,1.23521,0.0,"('6S0_0_', '7R0_0_', 2)",,,,,,,,,,,,
446,446.1422,513.5085,0.1659,-0.973,12.0252,43.2909,12.0239,-0.1815,1.14276,0.00527,0.40076,504.189,13,0,0,0,1.24729,0.0,"('6S0_0_', '7R0_0_', 2)",,,,,,,,,,,,
447,446.9871,514.7131,0.148,-0.873,12.138,43.6969,12.1369,-0.1651,1.12787,0.00457,0.39554,505.394,13,0,0,0,1.25921,0.0,"('6S0_0_', '7R0_0_', 2)",,,,,,,,,,,,
448,447.8413,515.929,0.1318,-0.783,12.2492,44.0973,12.2483,-0.1486,1.11215,0.00436,0.39004,506.61,13,0,0,0,1.27106,0.0,"('6S0_0_', '7R0_0_', 2)",,,,,,,,,,,,
449,448.7855,517.1561,0.1173,-0.699,12.3589,44.4922,12.3582,-0.1332,1.09691,0.00404,0.38471,507.837,13,0,0,0,1.28267,0.0,"('6S0_0_', '7R0_0_', 2)",,,,,,,,,,,,
450,450.3908,518.3941,0.1042,-0.621,12.4671,44.8817,12.4666,-0.119,1.08201,0.00366,0.37949,509.075,13,0,0,0,1.29414,0.0,"('6S0_0_', '7R0_0_', 2)",,,,,,,,,,,,
451,451.5528,519.6429,0.0925,-0.55,12.5739,45.2661,12.5735,-0.1067,1.06767,0.00316,0.37443,510.324,13,0,0,0,1.30536,0.0,"('6S0_0_', '7R0_0_', 2)",,,,,,,,,,,,
452,453.0114,520.9023,0.0821,-0.488,12.6792,45.6453,12.6789,-0.0959,1.05343,0.00269,0.36942,511.584,13,0,0,0,1.31652,0.0,"('6S0_0_', '7R0_0_', 2)",,,,,,,,,,,,
453,454.4957,522.1723,0.0727,-0.433,12.7831,46.0192,12.7828,-0.0855,1.03876,0.00249,0.36429,512.854,13,0,0,0,1.32748,0.0,"('6S0_0_', '7R0_0_', 2)",,,,,,,,,,,,
454,456.2063,523.4526,0.0643,-0.383,12.8856,46.388,12.8853,-0.0761,1.02444,0.00222,0.35929,514.134,13,0,0,0,1.33832,0.0,"('6S0_0_', '7R0_0_', 2)",,,,,,,,,,,,
455,457.7088,524.7432,0.0568,-0.338,12.9866,46.7518,12.9864,-0.0676,1.01031,0.00198,0.35433,515.425,13,0,0,0,1.34903,0.0,"('6S0_0_', '7R0_0_', 2)",,,,,,,,,,,,
456,459.1838,526.0438,0.0502,-0.298,13.0862,47.1104,13.0861,-0.06,0.99638,0.00175,0.34944,516.725,13,0,0,0,1.35949,0.0,"('6S0_0_', '7R0_0_', 2)",,,,,,,,,,,,
457,460.4589,527.3544,0.0443,-0.262,13.1845,47.4643,13.1844,-0.0535,0.98285,0.00148,0.34465,518.036,13,0,0,0,1.36988,0.0,"('6S0_0_', '7R0_0_', 2)",,,,,,,,,,,,
458,460.999,528.6747,0.0391,-0.231,13.2814,47.8131,13.2813,-0.0474,0.96909,0.00134,0.33983,519.356,13,0,0,0,1.38014,0.0,"('6S0_0_', '7R0_0_', 2)",,,,,,,,,,,,
459,462.5038,530.0048,0.0344,-0.204,13.377,48.1572,13.3769,-0.0422,0.95559,0.00114,0.33513,520.686,13,0,0,0,1.39027,0.0,"('6S0_0_', '7R0_0_', 2)",,,,,,,,,,,,
460,464.1449,531.3444,0.0303,-0.179,13.4712,48.4964,13.4712,-0.0374,0.94227,0.00103,0.33043,522.026,13,0,0,0,1.40022,0.0,"('6S0_0_', '7R0_0_', 2)",,,,,,,,,,,,
461,465.0661,532.6934,0.0267,-0.158,13.5641,48.8309,13.5641,-0.033,0.92913,0.00091,0.3258,523.375,13,0,0,0,1.40998,0.0,"('6S0_0_', '7R0_0_', 2)",,,,,,,,,,,,
462,466.3373,534.0517,0.0234,-0.138,13.6557,49.1606,13.6557,-0.0292,0.91589,0.0008,0.32123,524.733,13,0,0,0,1.41979,0.0,"('6S0_0_', '7R0_0_', 2)",,,,,,,,,,,,
463,467.0266,535.4191,0.0206,-0.121,13.746,49.4857,13.746,-0.0256,0.90306,0.00072,0.31671,526.101,13,0,0,0,1.42929,0.0,"('6S0_0_', '7R0_0_', 2)",,,,,,,,,,,,
464,467.762,536.7955,0.0181,-0.106,13.8351,49.8063,13.8351,-0.0227,0.89049,0.0006,0.31228,527.477,13,0,0,0,1.4386,0.0,"('6S0_0_', '7R0_0_', 2)",,,,,,,,,,,,
465,469.1316,538.1807,0.0159,-0.093,13.9229,50.1223,13.9228,-0.0199,0.87791,0.00054,0.30787,528.862,13,0,0,0,1.44791,0.0,"('6S0_0_', '7R0_0_', 2)",,,,,,,,,,,,
466,470.189,539.5747,0.0139,-0.081,14.0094,50.4339,14.0094,-0.0176,0.86552,0.00046,0.30354,530.256,13,0,0,0,1.45702,0.0,"('6S0_0_', '7R0_0_', 2)",,,,,,,,,,,,
467,471.5649,540.9774,0.0122,-0.071,14.0947,50.7411,14.0947,-0.0155,0.85332,0.0004,0.29925,531.659,13,0,0,0,1.46608,0.0,"('6S0_0_', '7R0_0_', 2)",,,,,,,,,,,,
468,473.1558,542.3885,0.0107,-0.062,14.1789,51.044,14.1789,-0.0137,0.84131,0.00034,0.29502,533.07,13,0,0,0,1.475,0.0,"('6S0_0_', '7R0_0_', 2)",,,,,,,,,,,,
469,474.5269,543.8081,0.0093,-0.055,14.2618,51.3425,14.2618,-0.012,0.8293,0.00031,0.29084,534.49,13,0,0,0,1.48373,0.0,"('6S0_0_', '7R0_0_', 2)",,,,,,,,,,,,
470,475.2548,545.2359,0.0081,-0.048,14.3436,51.6369,14.3436,-0.0106,0.81767,0.00026,0.28673,535.917,13,0,0,0,1.49234,0.0,"('6S0_0_', '7R0_0_', 2)",,,,,,,,,,,,
471,475.9162,546.6719,0.0071,-0.042,14.4242,51.927,14.4242,-0.0093,0.80604,0.00023,0.28266,537.353,13,0,0,0,1.50088,0.0,"('6S0_0_', '7R0_0_', 2)",,,,,,,,,,,,
472,476.6575,548.1159,0.0062,-0.036,14.5036,52.2131,14.5036,-0.0082,0.79459,0.00021,0.27865,538.797,13,0,0,0,1.5093,0.0,"('6S0_0_', '7R0_0_', 2)",,,,,,,,,,,,
473,478.1275,549.5679,0.0054,-0.032,14.582,52.4951,14.582,-0.0072,0.78334,0.00018,0.27469,540.249,13,0,0,0,1.51758,0.0,"('6S0_0_', '7R0_0_', 2)",,,,,,,,,,,,
474,479.6793,551.0275,0.0047,-0.028,14.6592,52.7731,14.6592,-0.0063,0.77209,0.00016,0.27079,541.709,13,0,0,0,1.52562,0.0,"('6S0_0_', '7R0_0_', 2)",,,,,,,,,,,,
475,480.4744,552.4949,0.0041,-0.024,14.7353,53.0471,14.7353,-0.0055,0.76122,0.00014,0.26694,543.177,13,0,0,0,1.53372,0.0,"('6S0_0_', '7R0_0_', 2)",,,,,,,,,,,,
476,481.6352,553.9698,0.0035,-0.021,14.8103,53.3172,14.8103,-0.0048,0.75035,0.00011,0.26315,544.651,13,0,0,0,1.54156,0.0,"('6S0_0_', '7R0_0_', 2)",,,,,,,,,,,,
477,483.3959,555.4524,0.0031,-0.018,14.8843,53.5835,14.8843,-0.0042,0.73967,0.0001,0.25941,546.134,13,0,0,0,1.54952,0.0,"('6S0_0_', '7R0_0_', 2)",,,,,,,,,,,,
478,484.9443,556.9423,0.0027,-0.016,14.9572,53.846,14.9572,-0.0037,0.72918,9e-05,0.25572,547.624,13,0,0,0,1.55718,0.0,"('6S0_0_', '7R0_0_', 2)",,,,,,,,,,,,
479,485.8696,558.4394,0.0023,-0.014,15.0291,54.1048,15.0291,-0.0032,0.71888,8e-05,0.25208,549.121,13,0,0,0,1.56476,0.0,"('6S0_0_', '7R0_0_', 2)",,,,,,,,,,,,
480,486.4115,559.9437,0.002,-0.012,15.1,54.3599,15.1,-0.0027,0.70858,7e-05,0.24849,550.625,13,0,0,0,1.57228,0.0,"('6S0_0_', '7R0_0_', 2)",,,,,,,,,,,,
481,487.1816,561.4551,0.0017,-0.01,15.1698,54.6113,15.1698,-0.0024,0.69847,6e-05,0.24496,552.137,14,0,0,0,1.57968,0.0,"('7R0_0_', '7R0_1_', 2)",,,,,,,,,,,,
482,488.7773,562.9734,0.0015,-0.009,15.2387,54.8592,15.2387,-0.0021,0.68855,5e-05,0.24147,553.655,14,0,0,0,1.58688,0.0,"('7R0_0_', '7R0_1_', 2)",,,,,,,,,,,,
483,490.1009,564.4987,0.0013,-0.008,15.3066,55.1036,15.3066,-0.0018,0.67883,4e-05,0.23803,555.18,14,0,0,0,1.59409,0.0,"('7R0_0_', '7R0_1_', 2)",,,,,,,,,,,,
484,491.0007,566.0152,0.0019,0.018,14.7283,53.0218,14.7283,0.024,-5.78266,0.0043,-0.27856,556.697,14,0,0,0,1.58282,0.0,"('7R0_0_', '7R0_1_', 2)",,,,,,,,,,,,
485,492.2969,567.4786,0.0061,0.141,14.2385,51.2585,14.2382,0.0901,-4.89828,0.01207,-0.23581,558.16,14,0,0,0,1.52745,0.0,"('7R0_0_', '7R0_1_', 2)",,,,,,,,,,,,
486,492.8587,568.894,0.0191,0.465,13.8075,49.7071,13.8054,0.2421,-4.30943,0.02884,-0.20672,559.576,14,0,0,0,1.47754,0.0,"('7R0_0_', '7R0_1_', 2)",,,,,,,,,,,,
487,494.2376,570.2673,0.0472,1.054,13.4401,48.3843,13.4337,0.4131,-3.67421,0.03643,-0.17612,560.949,14,0,0,0,1.43383,0.0,"('7R0_0_', '7R0_1_', 2)",,,,,,,,,,,,
488,495.0679,571.604,0.0945,1.866,13.1096,47.1946,13.0929,0.6608,-3.30495,0.05318,-0.15723,562.287,14,0,0,0,1.39566,0.0,"('7R0_0_', '7R0_1_', 2)",,,,,,,,,,,,
489,496.5632,572.9072,0.167,2.95,12.8178,46.144,12.7829,0.9446,-2.91823,0.06532,-0.13819,563.592,14,0,0,0,1.3609,0.0,"('7R0_0_', '7R0_1_', 2)",,,,,,,,,,,,
490,497.408,574.1888,0.2508,3.684,12.8876,46.3953,12.8717,0.6405,0.69804,-0.05796,0.31854,564.876,14,0,0,0,1.33961,0.0,"('7R0_0_', '7R0_1_', 2)",,,,,,,,,,,,
491,498.7886,575.4778,0.3083,2.962,12.9648,46.6731,12.9602,0.3437,0.77178,-0.07436,0.30357,566.167,14,0,0,0,1.34728,0.0,"('7R0_0_', '7R0_1_', 2)",,,,,,,,,,,,
492,500.2195,576.7756,0.3378,1.681,13.049,46.9762,13.0487,0.0737,0.84197,-0.06632,0.30534,567.465,14,0,0,0,1.35657,0.0,"('7R0_0_', '7R0_1_', 2)",,,,,,,,,,,,
493,501.5487,578.0823,0.3418,0.42,13.1378,47.296,13.137,-0.1402,0.88808,-0.05012,0.31247,568.771,14,0,0,0,1.36582,0.0,"('7R0_0_', '7R0_1_', 2)",,,,,,,,,,,,
494,502.1115,579.3979,0.3264,-0.562,13.2306,47.6302,13.2278,-0.2702,0.92836,-0.02828,0.32332,570.087,14,0,0,0,1.37515,0.0,"('7R0_0_', '7R0_1_', 2)",,,,,,,,,,,,
495,503.4059,580.7227,0.2988,-1.171,13.3249,47.9696,13.3205,-0.34,0.94279,-0.01285,0.32947,571.412,14,0,0,0,1.38467,0.0,"('7R0_0_', '7R0_1_', 2)",,,,,,,,,,,,
496,504.3944,582.0485,0.2643,-1.499,13.0843,47.1035,13.0788,-0.3801,-2.40568,-0.00789,-0.11593,572.739,14,0,0,0,1.38475,0.0,"('7R0_0_', '7R0_1_', 2)",,,,,,,,,,,,
497,505.6835,583.3521,0.2308,-1.534,12.8572,46.2858,12.8548,-0.2448,-2.27156,0.02566,-0.10832,574.042,14,0,0,0,1.36139,0.0,"('7R0_0_', '7R0_1_', 2)",,,,,,,,,,,,
498,507.0384,584.6326,0.2135,-0.992,12.6153,45.4149,12.6152,0.0278,-2.41898,0.0596,-0.11315,575.323,14,0,0,0,1.33735,0.0,"('7R0_0_', '7R0_1_', 2)",,,,,,,,,,,,
499,507.9904,585.8893,0.2245,0.135,12.3805,44.5698,12.3747,0.3775,-2.3476,0.08221,-0.10882,576.58,14,0,0,0,1.31237,0.0,"('7R0_0_', '7R0_1_', 2)",,,,,,,,,,,,
500,509.2006,587.1225,0.2698,1.65,12.1777,43.8396,12.1557,0.7306,-2.02826,0.08958,-0.09442,577.814,14,0,0,0,1.28801,0.0,"('7R0_0_', '7R0_1_', 2)",,,,,,,,,,,,
501,511.1699,588.3347,0.349,3.292,12.0204,43.2735,11.9746,1.0488,-1.57245,0.08451,-0.07397,579.029,14,0,0,0,1.26631,0.0,"('7R0_0_', '7R0_1_', 2)",,,,,,,,,,,,
502,512.1197,589.5307,0.4438,4.374,11.8935,42.8168,11.8722,0.7124,-1.26883,-0.07591,-0.05484,580.228,14,0,0,0,1.2495,0.0,"('7R0_0_', '7R0_1_', 2)",,,,,,,,,,,,
503,513.6191,590.716,0.5093,3.717,11.7817,42.4143,11.7738,0.4326,-1.11806,-0.08247,-0.04886,581.416,14,0,0,0,1.23832,0.0,"('7R0_0_', '7R0_1_', 2)",,,,,,,,,,,,
504,514.9355,591.8937,0.5568,2.717,11.7848,42.4251,11.7755,0.4669,0.03021,-0.01262,0.00936,582.594,14,0,0,0,1.23077,0.0,"('7R0_0_', '7R0_1_', 2)",,,,,,,,,,,,
505,516.2704,593.0698,0.6113,2.561,11.7409,42.2674,11.7201,0.6991,-0.43824,0.04985,-0.01696,583.772,14,0,0,0,1.22886,0.0,"('7R0_0_', '7R0_1_', 2)",,,,,,,,,,,,
506,517.6129,594.2373,0.6926,3.465,11.5811,41.6921,11.522,1.1683,-1.59806,0.12579,-0.06646,584.942,14,1,0,0,1.21966,0.0,"('7R0_0_', '7R0_1_', 2)",,,,,,,,,,,,
507,519.1394,595.3846,0.8209,5.467,11.4114,41.0811,11.2866,1.6829,-1.69719,0.15085,-0.07069,586.096,14,1,0,0,1.19863,0.0,"('7R0_0_', '7R0_1_', 2)",,,,,,,,,,,,
508,520.0037,596.511,0.9789,7.352,11.2345,40.4442,11.1539,1.3435,-1.76908,-0.18001,-0.07696,587.234,14,1,0,0,1.17696,0.0,"('7R0_0_', '7R0_1_', 2)",,,,,,,,,,,,
509,521.6454,597.624,1.1041,7.024,11.0635,39.8287,11.0312,0.8457,-1.70983,-0.18896,-0.06848,588.354,14,1,0,0,1.16282,0.0,"('7R0_0_', '7R0_1_', 2)",,,,,,,,,,,,
510,523.0107,598.7258,1.1775,5.032,10.9543,39.4354,10.9501,0.3019,-1.09238,-0.16818,-0.03969,589.458,14,1,0,0,1.15104,0.0,"('7R0_0_', '7R0_1_', 2)",,,,,,,,,,,,
511,524.7194,599.8216,1.2108,2.773,10.9719,39.4987,10.9698,0.2104,0.17571,-0.06857,0.03914,590.554,14,1,0,0,1.1452,0.0,"('7R0_0_', '7R0_1_', 2)",,,,,,,,,,,,
512,526.3481,600.918,1.2405,1.719,10.9666,39.4797,10.9562,0.4778,-0.0526,0.0586,0.04466,591.651,14,1,0,0,1.14579,0.0,"('7R0_0_', '7R0_1_', 2)",,,,,,,,,,,,
513,527.9917,602.0116,1.2984,2.359,10.9101,39.2763,10.8701,0.9335,-0.56518,0.13972,-0.01169,592.746,14,1,0,0,1.14266,0.0,"('7R0_0_', '7R0_1_', 2)",,,,,,,,,,,,
514,529.8441,603.0991,1.3801,3.602,10.8953,39.2231,10.88,0.5773,-0.14763,-0.06668,0.04415,593.837,14,1,0,0,1.13655,0.0,"('7R0_0_', '7R0_1_', 2)",,,,,,,,,,,,
515,531.2286,604.1875,1.437,3.35,10.9105,39.2777,10.9003,0.4706,0.15171,-0.0431,0.06189,594.927,14,1,0,0,1.13748,0.0,"('7R0_0_', '7R0_1_', 2)",,,,,,,,,,,,
516,532.1288,605.277,1.4936,3.106,10.9161,39.298,10.8914,0.7337,0.05619,0.04965,0.05604,596.018,14,1,0,0,1.1386,0.0,"('7R0_0_', '7R0_1_', 2)",,,,,,,,,,,,
517,533.0971,606.3645,1.5778,3.917,10.8942,39.2192,10.8319,1.1632,-0.21877,0.11869,0.00725,597.108,14,1,0,0,1.13655,0.0,"('7R0_0_', '7R0_1_', 2)",,,,,,,,,,,,
518,533.8965,607.4457,1.7042,5.711,10.8639,39.1101,10.7431,1.6157,-0.30308,0.14035,-0.0061,598.197,14,1,0,0,1.13006,0.0,"('7R0_0_', '7R0_1_', 2)",,,,,,,,,,,,
519,534.8968,608.5193,1.8713,7.865,10.8648,39.1133,10.6886,1.9488,0.00901,0.11727,0.01259,599.284,15,1,0,0,1.1225,0.0,"('7R0_0_', '7R0_1_', 1)",,,,,,,,,,,,
520,536.3372,609.592,2.0583,9.407,10.9785,39.5226,10.8314,1.7914,1.13676,-0.02056,0.44237,600.372,15,1,0,0,1.12216,0.0,"('7R0_0_', '7R0_1_', 1)",,,,,,,,,,,,
521,537.1572,610.6781,2.2321,9.421,11.0875,39.9152,10.9703,1.6082,1.09052,-0.05775,0.41065,601.472,15,1,0,0,1.13595,0.0,"('7R0_0_', '7R0_1_', 1)",,,,,,,,,,,,
522,538.339,611.778,2.3883,8.621,11.1962,40.3063,11.1079,1.4033,1.08656,-0.06876,0.39749,602.583,15,1,0,0,1.15024,0.0,"('7R0_0_', '7R0_1_', 1)",,,,,,,,,,,,
523,539.4204,612.8914,2.5251,7.522,11.3065,40.7035,11.2413,1.2131,1.10342,-0.06582,0.39412,603.705,15,1,0,0,1.16434,0.0,"('7R0_0_', '7R0_1_', 1)",,,,,,,,,,,,
524,540.4862,614.0181,2.6434,6.403,11.4183,41.106,11.3709,1.0398,1.11785,-0.05709,0.39471,604.838,15,1,0,0,1.17809,0.0,"('7R0_0_', '7R0_1_', 1)",,,,,,,,,,,,
525,541.0686,615.1577,2.7449,5.397,11.5311,41.5121,11.4967,0.89,1.12818,-0.04676,0.39635,605.982,15,1,0,0,1.19148,0.0,"('7R0_0_', '7R0_1_', 1)",,,,,,,,,,,,
526,541.927,616.3098,2.8319,4.549,11.6444,41.9199,11.6192,0.7658,1.1327,-0.03737,0.39728,607.137,15,1,0,0,1.20444,0.0,"('7R0_0_', '7R0_1_', 1)",,,,,,,,,,,,
527,543.2823,617.474,2.9068,3.856,11.7576,42.3275,11.7388,0.6648,1.13219,-0.02967,0.39701,608.304,15,0,0,0,1.21715,0.0,"('7R0_0_', '7R0_1_', 1)",,,,,,,,,,,,
528,544.5248,618.6503,2.972,3.298,11.8704,42.7335,11.8561,0.582,1.12791,-0.02364,0.39557,609.482,15,0,0,0,1.22969,0.0,"('7R0_0_', '7R0_1_', 1)",,,,,,,,,,,,
529,545.9695,619.8382,3.0291,2.85,11.9826,43.1374,11.9715,0.5152,1.12185,-0.01865,0.39342,610.671,15,0,0,0,1.24185,0.0,"('7R0_0_', '7R0_1_', 1)",,,,,,,,,,,,
530,546.9377,621.0376,3.0797,2.492,12.094,43.5382,12.0852,0.4609,1.11345,-0.01482,0.39049,611.872,15,0,0,0,1.25382,0.0,"('7R0_0_', '7R0_1_', 1)",,,,,,,,,,,,
531,547.859,622.2484,3.125,2.204,12.2043,43.9354,12.1972,0.4165,1.10319,-0.01199,0.38691,613.083,15,0,0,0,1.26567,0.0,"('7R0_0_', '7R0_1_', 1)",,,,,,,,,,,,
532,549.51,623.4702,3.1659,1.964,12.3132,44.3275,12.3075,0.3743,1.08922,-0.01095,0.38212,614.306,15,0,0,0,1.27727,0.0,"('7R0_0_', '7R0_1_', 1)",,,,,,,,,,,,
533,550.8013,624.7031,3.2026,1.75,12.4208,44.7148,12.4162,0.3359,1.07582,-0.0099,0.37741,615.539,16,0,0,0,1.2888,0.0,"('7R0_1_', '8S0_0_', 1)",,,,,,,,,,,,
534,552.3832,625.947,3.2356,1.556,12.527,45.0973,12.5234,0.3007,1.0625,-0.00891,0.37272,616.784,16,0,0,0,1.30021,0.0,"('7R0_1_', '8S0_0_', 1)",,,,,,,,,,,,
535,553.6829,627.2015,3.2651,1.382,12.632,45.4753,12.6291,0.2701,1.04994,-0.00769,0.36827,618.039,16,0,0,0,1.31136,0.0,"('7R0_1_', '8S0_0_', 1)",,,,,,,,,,,,
536,555.1872,628.4664,3.2916,1.23,12.7357,45.8487,12.7334,0.2436,1.03724,-0.00657,0.3638,619.304,16,0,0,0,1.32226,0.0,"('7R0_1_', '8S0_0_', 1)",,,,,,,,,,,,
537,556.06,629.7418,3.3155,1.095,12.8381,46.217,12.8362,0.2177,1.02321,-0.00616,0.3589,620.579,16,0,0,0,1.33316,0.0,"('7R0_1_', '8S0_0_', 1)",,,,,,,,,,,,
538,557.8795,631.0274,3.3368,0.971,12.9391,46.5806,12.9376,0.1941,1.00996,-0.00556,0.35421,621.865,16,0,0,0,1.34381,0.0,"('7R0_1_', '8S0_0_', 1)",,,,,,,,,,,,
539,559.4342,632.3231,3.3558,0.858,13.0387,46.9394,13.0376,0.1724,0.99657,-0.005,0.34955,623.161,16,0,0,0,1.35439,0.0,"('7R0_1_', '8S0_0_', 1)",,,,,,,,,,,,
540,560.6963,633.6289,3.3727,0.756,13.1371,47.2935,13.1362,0.1529,0.98362,-0.00444,0.34496,624.467,16,0,0,0,1.3649,0.0,"('7R0_1_', '8S0_0_', 1)",,,,,,,,,,,,
541,561.4123,634.9445,3.3877,0.666,13.2342,47.643,13.2335,0.1362,0.97096,-0.00375,0.34052,625.783,16,0,0,0,1.37511,0.0,"('7R0_1_', '8S0_0_', 1)",,,,,,,,,,,,
542,562.7328,636.2697,3.401,0.586,13.33,47.9879,13.3294,0.1205,0.95784,-0.00341,0.33591,627.108,16,0,0,0,1.38524,0.0,"('7R0_1_', '8S0_0_', 1)",,,,,,,,,,,,
543,563.3817,637.6045,3.4128,0.516,13.4245,48.3281,13.4241,0.1073,0.94526,-0.00288,0.33149,628.443,16,0,0,0,1.39519,0.0,"('7R0_1_', '8S0_0_', 1)",,,,,,,,,,,,
544,564.7237,638.9488,3.4233,0.454,13.5177,48.6638,13.5174,0.0949,0.93228,-0.0026,0.32695,629.787,16,0,0,0,1.40513,0.0,"('7R0_1_', '8S0_0_', 1)",,,,,,,,,,,,
545,565.9827,640.3022,3.4326,0.399,13.6097,48.9948,13.6094,0.0838,0.91951,-0.0023,0.3225,631.141,16,0,0,0,1.4147,0.0,"('7R0_1_', '8S0_0_', 1)",,,,,,,,,,,,
546,566.7741,641.6649,3.4408,0.35,13.7004,49.3214,13.7002,0.074,0.90714,-0.00202,0.3181,632.503,16,0,0,0,1.42432,0.0,"('7R0_1_', '8S0_0_', 1)",,,,,,,,,,,,
547,568.1479,643.0367,3.448,0.306,13.7898,49.6434,13.7897,0.065,0.89454,-0.00182,0.31371,633.875,16,0,0,0,1.43382,0.0,"('7R0_1_', '8S0_0_', 1)",,,,,,,,,,,,
548,569.3059,644.4174,3.4544,0.267,13.8781,49.961,13.8779,0.0574,0.88234,-0.00152,0.30945,635.256,16,0,0,0,1.44319,0.0,"('7R0_1_', '8S0_0_', 1)",,,,,,,,,,,,
549,569.9985,645.807,3.46,0.234,13.9651,50.2743,13.965,0.0504,0.87012,-0.00135,0.30515,636.645,16,0,0,0,1.45243,0.0,"('7R0_1_', '8S0_0_', 1)",,,,,,,,,,,,
550,571.3285,647.2052,3.4649,0.204,14.0509,50.5832,14.0508,0.0445,0.8581,-0.00115,0.30094,638.044,16,0,0,0,1.46142,0.0,"('7R0_1_', '8S0_0_', 1)",,,,,,,,,,,,
551,572.2148,648.612,3.4693,0.179,14.1355,50.8879,14.1355,0.0392,0.84632,-0.001,0.29676,639.45,16,0,0,0,1.47041,0.0,"('7R0_1_', '8S0_0_', 1)",,,,,,,,,,,,
552,574.13,650.0272,3.4731,0.157,14.219,51.1883,14.2189,0.0346,0.83451,-0.00087,0.29262,640.866,16,0,0,0,1.47915,0.0,"('7R0_1_', '8S0_0_', 1)",,,,,,,,,,,,
553,575.8315,651.4507,3.4765,0.137,14.3012,51.4844,14.3012,0.0304,0.82264,-0.00078,0.2885,642.289,16,0,0,0,1.48788,0.0,"('7R0_1_', '8S0_0_', 1)",,,,,,,,,,,,
554,577.3155,652.8824,3.4795,0.12,14.3823,51.7765,14.3823,0.0268,0.81112,-0.00065,0.28448,643.721,16,0,0,0,1.49648,0.0,"('7R0_1_', '8S0_0_', 1)",,,,,,,,,,,,
555,578.1655,654.3223,3.4821,0.105,14.4623,52.0643,14.4623,0.0235,0.79969,-0.00059,0.28047,645.161,16,0,0,0,1.5049,0.0,"('7R0_1_', '8S0_0_', 1)",,,,,,,,,,,,
556,579.6542,655.7701,3.4844,0.092,14.5412,52.3482,14.5411,0.0206,0.78845,-0.00052,0.27652,646.609,16,0,0,0,1.51325,0.0,"('7R0_1_', '8S0_0_', 1)",,,,,,,,,,,,
557,580.3982,657.2258,3.4864,0.08,14.6189,52.6281,14.6189,0.0181,0.7774,-0.00045,0.27263,648.064,16,0,0,0,1.52147,0.0,"('7R0_1_', '8S0_0_', 1)",,,,,,,,,,,,
558,581.0347,658.6891,3.4882,0.069,14.6955,52.9039,14.6955,0.0158,0.76635,-0.00039,0.26878,649.528,16,0,0,0,1.52945,0.0,"('7R0_1_', '8S0_0_', 1)",,,,,,,,,,,,
559,582.1558,660.16,3.4897,0.06,14.7711,53.1759,14.7711,0.0138,0.75548,-0.00035,0.26498,650.998,16,0,0,0,10.0,0.0,"('7R0_1_', '8S0_0_', 1)",,,,,,,,,,,,
